"SalePrice","LotArea","TotalBsmtSF","MoSold","BedroomAbvGr","FullBath","YearBuilt","PavedDrive","MSZoning","LandContour","BldgType","ExterQual","Functional"
181500,9600,1262,5,3,2,1976,"Y","RL","Lvl","1Fam","TA","Typ"
223500,11250,920,9,3,2,2001,"Y","RL","Lvl","1Fam","Gd","Typ"
140000,9550,756,2,3,1,1915,"Y","RL","Lvl","1Fam","TA","Typ"
250000,14260,1145,12,4,2,2000,"Y","RL","Lvl","1Fam","Gd","Typ"
143000,14115,796,10,1,1,1993,"Y","RL","Lvl","1Fam","TA","Typ"
307000,10084,1686,8,3,2,2004,"Y","RL","Lvl","1Fam","Gd","Typ"
2e+05,10382,1107,11,3,2,1973,"Y","RL","Lvl","1Fam","TA","Typ"
129900,6120,952,4,2,2,1931,"Y","RM","Lvl","1Fam","TA","Other"
118000,7420,991,1,2,1,1939,"Y","RL","Lvl","2fmCon","TA","Typ"
129500,11200,1040,2,3,1,1965,"Y","RL","Lvl","1Fam","TA","Typ"
144000,12968,912,9,2,1,1962,"Y","RL","Lvl","1Fam","TA","Typ"
90000,10791,0,10,2,2,1967,"Y","RL","Lvl","Duplex","TA","Typ"
139000,7560,1029,5,3,1,1958,"Y","RL","Lvl","1Fam","TA","Other"
325300,14215,1158,11,4,3,2005,"Y","RL","Lvl","1Fam","Gd","Typ"
139400,7449,637,6,3,1,1930,"Other","RM","Bnk","1Fam","TA","Typ"
230000,9742,1777,9,3,2,2002,"Y","RL","Lvl","1Fam","Gd","Typ"
129900,4224,1040,6,3,1,1976,"Y","RM","Lvl","TwnhsE","TA","Typ"
154000,8246,1060,5,3,1,1968,"Y","RL","Lvl","1Fam","TA","Typ"
256300,14230,1566,7,3,2,2007,"Y","RL","Lvl","1Fam","Gd","Typ"
134800,7200,900,5,3,1,1951,"Y","RL","Lvl","1Fam","TA","Typ"
306000,11478,1704,5,3,2,2007,"Y","RL","Lvl","1Fam","Gd","Typ"
68500,6324,520,5,1,1,1927,"Y","RM","Lvl","1Fam","TA","Typ"
40000,8500,649,7,3,1,1920,"Other","Other","Lvl","1Fam","TA","Typ"
149350,8544,1228,6,3,1,1966,"Y","RL","Lvl","1Fam","TA","Typ"
179900,11049,1234,1,3,2,2007,"Y","RL","Lvl","1Fam","Gd","Typ"
165500,10552,1398,4,4,1,1959,"Y","RL","Lvl","1Fam","TA","Typ"
309000,13418,1117,9,4,3,2004,"Y","RL","Lvl","1Fam","Gd","Typ"
145000,10859,1097,6,3,1,1994,"Y","RL","Lvl","1Fam","TA","Typ"
109000,7922,1057,1,3,1,1953,"Y","RL","Lvl","1Fam","TA","Typ"
170000,16905,1350,7,2,1,1959,"Other","RL","Lvl","1Fam","TA","Typ"
144000,9180,840,12,2,1,1983,"Y","RL","Lvl","1Fam","TA","Typ"
130250,9200,938,7,3,1,1975,"Y","RL","Lvl","1Fam","TA","Typ"
319900,7658,1752,2,2,2,2005,"Y","RL","Lvl","TwnhsE","Other","Typ"
239686,12822,1434,8,1,1,2003,"Y","RL","Lvl","1Fam","Gd","Typ"
249700,11096,1656,7,3,2,2006,"Y","Other","Lvl","1Fam","Gd","Typ"
127000,7742,955,1,3,1,1966,"Y","RL","Lvl","1Fam","TA","Typ"
177000,13869,794,7,3,2,1997,"Y","RL","Lvl","1Fam","TA","Typ"
114500,6240,816,9,3,1,1934,"Y","RM","Lvl","1Fam","TA","Typ"
110000,8472,816,5,2,1,1963,"Y","RM","Bnk","Duplex","Other","Typ"
385000,50271,1842,11,0,0,1981,"Y","RL","Low","1Fam","Gd","Typ"
130000,7134,384,2,3,1,1955,"Y","RL","Bnk","1Fam","TA","Other"
172500,2645,970,8,3,2,1999,"Y","Other","Lvl","Twnhs","Gd","Typ"
124900,7200,780,1,2,1,1972,"Y","RL","Bnk","1Fam","TA","Typ"
158000,13072,1158,5,3,1,2004,"Y","RL","Lvl","1Fam","TA","Typ"
101000,7200,530,3,3,1,1920,"Other","RM","Lvl","1Fam","TA","Typ"
202500,6442,1370,10,2,2,2006,"Y","RL","Lvl","TwnhsE","Gd","Typ"
140000,10300,576,4,3,2,1921,"Y","RM","Bnk","1Fam","TA","Typ"
219500,9375,1057,2,3,2,1997,"Y","RL","Lvl","1Fam","TA","Typ"
317000,9591,1143,10,4,2,2004,"Y","RL","Lvl","1Fam","Gd","Typ"
180000,19900,1947,7,3,2,1970,"Y","RL","Lvl","1Fam","TA","Other"
226000,10665,1453,6,3,2,2003,"Y","RL","Lvl","1Fam","Gd","Typ"
80000,4608,747,6,2,1,1945,"Y","RM","Lvl","1Fam","TA","Typ"
185000,10141,832,12,3,2,1998,"Y","RL","Lvl","1Fam","TA","Typ"
107400,5790,840,5,3,2,1915,"Y","RM","Lvl","1Fam","Gd","Typ"
91000,1596,462,11,2,1,1973,"Y","RM","Lvl","Twnhs","TA","Typ"
135750,8475,952,4,2,1,1956,"Y","RL","Lvl","1Fam","TA","Typ"
110000,10440,440,5,2,1,1910,"Y","RM","Lvl","1Fam","TA","Typ"
193500,13000,896,6,4,2,1968,"Y","RL","Lvl","1Fam","TA","Typ"
153500,4500,1237,3,2,2,1998,"Y","RM","Lvl","TwnhsE","TA","Typ"
245000,10206,1563,10,3,2,2007,"Y","RL","Lvl","1Fam","TA","Typ"
168500,8530,384,5,3,2,1995,"Y","RL","Lvl","1Fam","TA","Typ"
260000,16059,1288,4,4,2,1991,"Y","RL","Lvl","1Fam","Gd","Typ"
164500,3951,612,6,2,2,2009,"Y","Other","Lvl","TwnhsE","Gd","Typ"
109900,7200,0,7,2,1,1950,"Y","RL","Lvl","1Fam","TA","Typ"
98600,8500,1235,12,2,1,1961,"Y","RL","Lvl","1Fam","TA","Typ"
163500,13360,876,8,2,1,1921,"Y","RL","HLS","1Fam","TA","Typ"
204750,9337,824,5,3,2,1997,"Y","RL","Lvl","1Fam","TA","Typ"
185000,9765,680,4,3,2,1993,"Y","RL","Lvl","1Fam","Other","Typ"
94750,10921,960,5,3,1,1965,"Other","RL","HLS","1Fam","TA","Typ"
205000,10603,1610,2,3,2,1977,"Y","RL","Lvl","1Fam","TA","Typ"
198900,10402,1226,5,3,2,2009,"Y","RL","Lvl","1Fam","TA","Typ"
250000,9375,1053,8,3,2,2003,"Y","Other","Lvl","1Fam","Gd","Typ"
1e+05,10800,641,8,2,1,1885,"Other","RM","Lvl","1Fam","TA","Typ"
115000,6000,789,4,2,1,1948,"Y","RM","Lvl","1Fam","TA","Typ"
136900,9525,994,10,4,2,1954,"Y","RL","Lvl","1Fam","TA","Typ"
383970,9965,1264,10,4,2,2007,"Y","RL","Lvl","1Fam","Gd","Typ"
217000,21000,1809,10,3,2,1953,"Y","RL","Bnk","1Fam","TA","Typ"
259500,7259,1028,7,3,2,1945,"Y","RL","Lvl","1Fam","TA","Typ"
139000,11616,1092,9,3,1,1962,"Y","RL","Lvl","1Fam","TA","Typ"
155000,8536,1125,4,2,1,2006,"Y","RL","Lvl","1Fam","TA","Typ"
320000,12376,1673,5,5,3,1990,"Y","RL","Lvl","1Fam","TA","Typ"
163990,8461,728,7,3,2,2005,"Y","RL","Lvl","1Fam","Gd","Typ"
180000,21453,938,10,1,1,1969,"Y","RL","Low","1Fam","TA","Typ"
1e+05,6060,732,6,3,1,1939,"Other","RM","Lvl","1Fam","TA","Typ"
136000,9464,1080,6,3,1,1958,"Y","RL","Lvl","1Fam","TA","Typ"
153900,7892,1199,3,2,2,1993,"Y","RL","Lvl","TwnhsE","Gd","Typ"
181000,17043,1362,1,3,2,1979,"Y","RL","Lvl","1Fam","TA","Typ"
155000,7590,660,7,3,1,1966,"Y","RL","Lvl","1Fam","TA","Typ"
150000,8973,1008,7,3,1,1958,"Y","RL","Lvl","1Fam","TA","Typ"
226000,14200,924,5,4,2,1966,"Y","RL","Lvl","1Fam","TA","Typ"
244000,12224,992,7,3,2,2000,"Y","RL","Lvl","1Fam","Gd","Typ"
220000,6853,1267,6,2,2,2001,"Y","RL","Lvl","1Fam","Gd","Typ"
180000,10335,1461,7,3,2,1968,"Y","RL","Lvl","1Fam","TA","Other"
143000,10355,1214,7,3,2,1967,"Y","RL","Lvl","1Fam","TA","Typ"
230000,9066,1004,12,3,2,1999,"Y","RL","Lvl","1Fam","Gd","Typ"
231500,15426,928,8,3,2,1997,"Y","RL","Lvl","1Fam","TA","Typ"
260000,11645,1734,1,3,2,2005,"Y","RL","Lvl","1Fam","Gd","Typ"
130000,2522,970,4,3,2,2004,"Y","RM","Lvl","Twnhs","Gd","Other"
222500,9505,884,5,3,2,2001,"Y","RL","Lvl","1Fam","Gd","Typ"
115000,6240,896,4,3,1,1936,"Y","RM","Lvl","1Fam","TA","Typ"
122000,10356,969,1,3,1,1975,"Y","RL","Lvl","1Fam","TA","Typ"
372402,13891,1710,1,2,2,2007,"Y","RL","Lvl","1Fam","Gd","Typ"
190000,14803,825,6,4,2,1971,"Y","RL","Lvl","1Fam","TA","Typ"
125000,11340,1200,3,4,1,1923,"Y","RM","Lvl","1Fam","TA","Typ"
109500,7200,0,6,2,1,1950,"Y","RL","Lvl","1Fam","TA","Typ"
269500,12003,774,5,4,2,2009,"Y","RL","Lvl","1Fam","Gd","Typ"
254900,12552,991,5,3,2,2004,"Y","Other","Lvl","1Fam","Gd","Typ"
320000,19378,1392,3,4,2,2005,"Y","RL","HLS","1Fam","Gd","Typ"
162500,11120,1232,6,3,2,1984,"Y","RL","Lvl","1Fam","TA","Typ"
412500,13688,1572,3,3,2,2003,"Y","RL","Lvl","1Fam","Gd","Typ"
220000,12182,1541,5,3,2,2005,"Y","RL","Lvl","1Fam","Gd","Typ"
152000,5400,1149,10,3,2,1926,"Y","RM","Lvl","1Fam","TA","Typ"
190000,10708,1617,11,2,1,1955,"Y","RL","Lvl","1Fam","Gd","Typ"
325624,10562,1582,11,3,1,2007,"Y","RL","Lvl","1Fam","Gd","Typ"
228000,16669,1686,1,2,2,1981,"Y","RL","Lvl","1Fam","Gd","Typ"
215000,31770,1080,5,3,1,1960,"Other","RL","Lvl","1Fam","TA","Typ"
163000,10197,1362,6,3,1,1961,"Y","RL","Lvl","1Fam","TA","Typ"
211000,10029,1151,9,4,2,1988,"Y","RL","Lvl","1Fam","Gd","Typ"
172500,13650,1052,7,4,2,1958,"Y","RL","Lvl","1Fam","Gd","Typ"
177000,2117,756,6,3,2,2000,"Y","Other","Lvl","Twnhs","Gd","Typ"
200100,7588,793,7,4,1,1920,"Y","RL","Lvl","1Fam","TA","Typ"
120000,9060,0,6,3,1,1957,"Y","RL","Lvl","1Fam","TA","Typ"
2e+05,11426,1362,6,3,2,2003,"Other","RM","Lvl","1Fam","TA","Other"
127000,7438,504,6,3,1,1908,"Y","RL","Lvl","1Fam","TA","Typ"
475000,22950,1107,6,4,2,1892,"Y","RM","Lvl","1Fam","Gd","Typ"
135000,10410,660,8,3,2,1916,"Other","RL","Lvl","1Fam","TA","Other"
286000,4923,1593,8,0,1,2001,"Y","RL","Lvl","TwnhsE","Gd","Typ"
184000,7472,725,6,4,1,1972,"Y","RL","Lvl","1Fam","TA","Typ"
192000,9017,1431,9,3,2,1999,"Y","RL","Lvl","1Fam","Gd","Typ"
130000,2522,970,5,3,2,2004,"Y","RM","Lvl","Twnhs","Gd","Other"
127000,7180,864,5,3,1,1972,"Y","RL","Lvl","1Fam","TA","Typ"
148500,2280,855,7,3,2,1976,"Y","RL","Lvl","Twnhs","TA","Typ"
311872,9416,1726,9,3,2,2007,"Y","RL","Lvl","1Fam","Other","Typ"
274900,9591,1713,1,3,2,2004,"Y","RL","Lvl","1Fam","Gd","Typ"
140000,8546,1121,3,2,2,2003,"Y","RM","Lvl","1Fam","TA","Typ"
112000,7000,617,5,2,2,1924,"Y","RL","Lvl","1Fam","TA","Other"
149000,4438,848,1,1,1,2004,"Y","RM","Lvl","TwnhsE","Gd","Typ"
110000,3500,720,4,2,1,1947,"Y","RM","Lvl","1Fam","TA","Typ"
180500,11851,1424,5,3,2,1990,"Y","RL","Lvl","1Fam","TA","Typ"
143900,13673,1140,3,3,1,1962,"Y","RL","Lvl","1Fam","TA","Other"
141000,12493,1100,4,3,1,1960,"Y","RL","Lvl","1Fam","TA","Typ"
186000,10420,1212,3,3,2,2009,"Y","RL","Lvl","1Fam","TA","Typ"
252678,8640,900,7,3,2,2009,"Y","Other","Lvl","1Fam","TA","Typ"
156000,13568,990,7,3,1,1995,"Y","RL","Lvl","1Fam","TA","Typ"
161750,10900,689,3,3,1,1977,"Y","RL","Lvl","1Fam","TA","Typ"
134450,10011,1070,5,2,1,1957,"Y","RL","Lvl","1Fam","TA","Other"
210000,8450,1436,4,3,2,2004,"Y","RL","Lvl","1Fam","Gd","Typ"
107000,9906,686,9,3,1,1925,"Y","RM","Lvl","1Fam","TA","Typ"
311500,15660,798,5,3,1,1939,"Y","RL","Lvl","1Fam","Gd","Typ"
167240,3010,1248,3,2,2,2005,"Y","RL","Lvl","TwnhsE","Gd","Typ"
179900,11475,713,2,3,2,1975,"Y","RL","Lvl","1Fam","TA","Typ"
97000,10500,864,3,2,1,1971,"Y","RL","Lvl","1Fam","TA","Typ"
386250,13472,2392,6,3,2,2003,"Y","RL","Lvl","1Fam","Other","Typ"
290000,9950,1203,6,4,2,1995,"Y","RL","Lvl","1Fam","Gd","Typ"
106000,1869,483,9,2,1,1970,"Y","RM","Lvl","Twnhs","TA","Typ"
125000,8521,912,5,3,1,1967,"Y","RL","Lvl","1Fam","TA","Typ"
192500,3182,1373,5,2,2,2005,"Y","RL","Lvl","TwnhsE","Gd","Typ"
148000,8760,1194,4,3,1,1959,"Y","RL","Lvl","1Fam","TA","Typ"
94500,1680,483,6,2,1,1972,"Y","RM","Lvl","Twnhs","TA","Typ"
128200,10650,894,2,3,1,1976,"Y","RL","Lvl","1Fam","TA","Typ"
89500,1680,483,8,2,1,1971,"Y","RM","Lvl","TwnhsE","TA","Typ"
194500,9453,996,2,3,2,1993,"Y","RL","Lvl","1Fam","Gd","Typ"
318000,12030,1694,12,3,2,2007,"Y","RL","Lvl","1Fam","Other","Typ"
262500,9000,1566,4,3,2,2008,"Y","Other","Lvl","1Fam","Gd","Typ"
120000,10762,626,4,3,1,1980,"Y","RL","Lvl","TwnhsE","TA","Typ"
241500,10400,1845,6,3,2,1988,"Y","RL","Lvl","1Fam","TA","Typ"
137000,9142,1020,4,4,2,1910,"Y","RM","Lvl","2fmCon","TA","Typ"
140000,11310,1367,6,2,1,1954,"Y","RL","Lvl","1Fam","TA","Typ"
180000,11317,840,9,3,2,2003,"Y","RL","Lvl","1Fam","Gd","Typ"
277000,159000,1444,6,4,2,1958,"Y","RL","Low","1Fam","Gd","Typ"
235000,4750,1573,12,2,2,2006,"Y","RM","HLS","TwnhsE","Gd","Typ"
173000,8366,798,12,3,2,2004,"Y","RL","Lvl","1Fam","Gd","Typ"
158000,9350,1302,10,3,2,1964,"Y","RL","Lvl","1Fam","TA","Other"
145000,8400,1314,6,3,1,1957,"Y","RL","Lvl","1Fam","TA","Typ"
230000,8738,975,2,4,2,1999,"Y","RL","Lvl","1Fam","Gd","Typ"
231500,12435,963,5,3,2,2001,"Y","RL","Lvl","1Fam","Gd","Typ"
97000,12702,0,12,2,1,1956,"Y","RM","Lvl","1Fam","TA","Typ"
276000,9588,1482,11,3,2,2007,"Y","RL","Lvl","1Fam","Gd","Typ"
151000,8471,506,7,3,1,1977,"Y","RL","Lvl","1Fam","TA","Typ"
73000,5232,680,6,2,1,1925,"Other","RM","Bnk","1Fam","TA","Typ"
175500,12090,1422,6,3,2,1981,"Y","RL","Lvl","1Fam","TA","Typ"
185000,11207,802,6,3,2,1997,"Y","RL","HLS","1Fam","TA","Typ"
179500,8400,720,7,4,2,1939,"Y","RL","Bnk","1Fam","TA","Typ"
148000,7917,1143,5,3,1,1976,"Y","RL","Lvl","1Fam","TA","Typ"
266000,10728,1095,8,3,2,2006,"Y","Other","Lvl","1Fam","Gd","Typ"
241500,39104,1385,4,2,1,1954,"Y","RL","Low","1Fam","TA","Other"
290000,11764,1152,4,4,2,1999,"Y","RL","Lvl","1Fam","Gd","Typ"
139000,9600,1240,4,3,2,1958,"Y","RL","Lvl","1Fam","TA","Other"
205000,7264,952,10,3,2,1925,"Y","RL","Lvl","1Fam","Gd","Typ"
201000,9196,1560,4,3,2,2003,"Y","RL","Lvl","1Fam","Gd","Typ"
141000,19138,864,6,2,1,1951,"Y","RL","Lvl","1Fam","TA","Typ"
415298,14450,2121,5,3,2,2006,"Y","RL","Lvl","1Fam","Other","Typ"
192000,10005,1160,3,4,2,1977,"Y","RL","Lvl","1Fam","TA","Typ"
228500,11287,807,1,3,2,1989,"Y","RL","Lvl","1Fam","Gd","Typ"
185000,7200,1262,5,2,2,2006,"Y","Other","Lvl","1Fam","Gd","Typ"
207500,5063,1314,4,2,2,2007,"Y","RL","Lvl","Twnhs","Gd","Typ"
244600,9612,1468,12,3,2,2008,"Y","RL","Lvl","1Fam","Gd","Typ"
179200,8012,1575,7,2,2,1992,"Y","RL","Lvl","TwnhsE","Gd","Typ"
159000,9786,912,6,3,1,1962,"Y","RL","Bnk","1Fam","TA","Typ"
122000,9819,882,2,3,1,1967,"Y","RL","Lvl","1Fam","TA","Typ"
153575,8730,698,7,3,1,1915,"Y","RL","Lvl","1Fam","TA","Typ"
233230,15611,1079,7,3,2,2006,"Y","RL","Lvl","1Fam","Gd","Typ"
131000,11409,768,1,3,1,1949,"Y","RL","Lvl","1Fam","TA","Other"
235000,16659,795,3,3,2,1977,"Y","RL","Lvl","1Fam","TA","Typ"
167000,9600,1416,10,3,1,1953,"Y","RL","Lvl","1Fam","TA","Typ"
239000,7399,975,6,3,2,1997,"Y","Other","Lvl","1Fam","Gd","Typ"
158500,14000,1092,8,3,1,1950,"Y","RL","Lvl","1Fam","TA","Typ"
157000,15750,1165,6,2,1,1953,"Y","RL","Lvl","2fmCon","TA","Typ"
149900,9800,894,7,3,1,1972,"Y","RL","Lvl","1Fam","TA","Typ"
295000,18386,1470,5,3,3,1880,"Y","RM","Lvl","1Fam","TA","Typ"
225000,13474,700,6,4,2,1990,"Y","RL","Lvl","1Fam","Gd","Typ"
165600,7685,697,5,3,2,1993,"Y","RL","Lvl","1Fam","TA","Typ"
132000,8000,972,5,2,1,1948,"Y","RL","Lvl","1Fam","TA","Typ"
119900,7800,793,5,3,1,1939,"Y","RM","Lvl","2fmCon","TA","Typ"
178000,9600,728,8,3,1,1925,"Y","RM","Lvl","1Fam","TA","Typ"
188500,7795,716,7,3,2,2004,"Y","RL","Lvl","1Fam","Gd","Typ"
260000,13005,845,8,4,2,1980,"Y","RL","Lvl","1Fam","Gd","Typ"
342643,16259,1249,9,4,3,2006,"Y","RL","Lvl","1Fam","TA","Typ"
354000,12099,1136,6,4,2,2004,"Y","RL","Lvl","1Fam","Gd","Typ"
301000,10380,1502,8,4,2,1986,"Y","RL","Lvl","1Fam","Gd","Typ"
126175,5820,1162,7,3,1,1955,"Y","RM","Lvl","1Fam","TA","Typ"
87000,5000,720,12,2,1,1941,"Y","RM","Lvl","1Fam","TA","Typ"
145250,11600,1383,4,3,1,1960,"Y","RL","Lvl","1Fam","TA","Typ"
78000,6402,596,7,3,1,1920,"Other","RM","Lvl","1Fam","TA","Typ"
119000,10624,1728,11,6,2,1964,"Y","RL","Lvl","Duplex","TA","Typ"
139000,8176,1056,8,3,1,1958,"Y","RL","Lvl","1Fam","TA","Typ"
284000,10655,3206,10,3,2,2003,"Y","RL","Lvl","1Fam","Gd","Typ"
207000,8198,1358,7,2,2,2004,"Y","RM","Lvl","TwnhsE","Gd","Typ"
228950,164660,1499,8,3,2,1965,"Y","RL","HLS","2fmCon","TA","Typ"
377426,14157,1922,7,3,2,2005,"Y","RL","HLS","1Fam","Gd","Typ"
214000,9135,1536,12,3,2,2002,"Y","RL","Lvl","1Fam","Gd","Typ"
155000,12400,1215,6,3,1,1958,"Y","RL","Lvl","1Fam","TA","Typ"
202900,14191,967,4,4,2,2002,"Y","RL","Lvl","1Fam","Gd","Typ"
82000,8400,721,9,2,1,1950,"Other","Other","Lvl","1Fam","Other","Typ"
87500,8544,0,5,2,2,1949,"Y","RL","Lvl","Duplex","TA","Typ"
266000,8849,1684,7,2,2,2005,"Y","RL","Lvl","TwnhsE","Other","Typ"
85000,2592,536,4,3,1,1976,"Y","RM","Lvl","TwnhsE","TA","Typ"
140200,6435,972,10,3,1,1939,"Y","RL","Lvl","1Fam","TA","Typ"
151500,12772,958,4,2,1,1960,"Y","RL","Lvl","1Fam","TA","Typ"
154000,2448,764,10,2,2,2003,"Y","RL","Lvl","Twnhs","Gd","Typ"
437154,20431,1848,4,4,2,2005,"Y","RL","Lvl","1Fam","Other","Typ"
318061,7820,1869,12,2,2,2007,"Y","RL","Lvl","TwnhsE","Other","Typ"
190000,5271,1453,12,2,1,1986,"Y","RL","Low","1Fam","TA","Typ"
105900,8520,624,5,2,1,1928,"Y","RM","Lvl","1Fam","TA","Typ"
140000,8400,940,6,2,1,1940,"Y","RL","Bnk","1Fam","TA","Typ"
177500,11249,1200,8,3,2,1995,"Y","RL","Lvl","1Fam","Gd","Typ"
173000,9248,1158,7,3,2,1992,"Y","RL","Lvl","1Fam","TA","Typ"
134000,4224,1142,8,3,1,1976,"Y","RM","Lvl","TwnhsE","TA","Typ"
130000,6930,1062,7,3,1,1958,"Y","RL","Lvl","1Fam","TA","Other"
280000,12011,1086,6,3,2,1998,"Y","RL","Lvl","1Fam","Gd","Typ"
156000,7540,888,6,2,1,1978,"Y","RL","Lvl","1Fam","TA","Typ"
145000,9144,883,7,3,1,1940,"Other","RL","Lvl","1Fam","TA","Typ"
198500,7301,0,7,4,3,2003,"Y","RL","Lvl","1Fam","Gd","Typ"
147000,10690,672,7,3,1,1920,"Y","RM","Lvl","1Fam","TA","Typ"
159000,9500,1394,7,3,1,1963,"Y","RL","Lvl","1Fam","TA","Typ"
132000,7800,1268,3,2,1,1954,"Y","RL","Lvl","1Fam","TA","Typ"
172400,8121,953,1,3,2,2000,"Y","RL","Lvl","1Fam","TA","Typ"
125000,7175,744,2,2,1,1984,"Y","RL","Lvl","TwnhsE","TA","Typ"
123000,10634,608,11,3,1,1953,"Y","RL","Lvl","1Fam","TA","Other"
148000,8846,870,7,2,1,1996,"Y","RL","Lvl","1Fam","Gd","Typ"
340000,11143,1580,12,4,3,2004,"Y","Other","Lvl","1Fam","Gd","Typ"
179000,8123,982,6,3,2,2000,"Y","RL","Lvl","1Fam","TA","Typ"
187750,7200,1293,8,2,2,2006,"Y","Other","Lvl","1Fam","Gd","Typ"
213500,9245,939,4,3,2,2006,"Y","RL","Lvl","1Fam","Gd","Typ"
76000,9000,784,10,2,1,1928,"Other","Other","Lvl","1Fam","TA","Typ"
240000,53107,1580,6,3,2,1992,"Y","RL","Low","1Fam","Gd","Typ"
192000,3182,1256,4,2,2,2004,"Y","RL","Lvl","TwnhsE","Gd","Typ"
125000,7200,1041,10,3,1,1976,"Y","RL","Lvl","1Fam","TA","Typ"
191000,9382,1468,7,3,2,1999,"Y","RL","Lvl","1Fam","Gd","Typ"
426000,12474,1682,8,3,2,2007,"Y","RL","Lvl","1Fam","Other","Typ"
119000,8405,861,4,4,1,1900,"Y","RL","Lvl","1Fam","TA","Typ"
129000,9571,1144,6,3,1,1956,"Y","RL","Lvl","1Fam","TA","Typ"
169500,7590,864,7,4,2,1962,"Y","RL","Lvl","1Fam","TA","Typ"
241000,8125,1092,10,2,2,2006,"Y","Other","Lvl","1Fam","Gd","Typ"
245500,14963,1260,12,1,1,1996,"Y","RL","Lvl","TwnhsE","Gd","Typ"
164990,8767,1310,7,3,2,2005,"Y","RL","Lvl","1Fam","Gd","Typ"
150000,9991,1281,6,3,2,1976,"Y","RL","Lvl","1Fam","TA","Other"
115000,10480,1064,3,3,1,1936,"Y","RL","Lvl","1Fam","TA","Other"
177000,15576,840,3,4,2,1915,"Y","RL","Lvl","1Fam","TA","Typ"
280000,14154,1063,8,3,2,2006,"Y","RL","Lvl","1Fam","Gd","Typ"
339750,10800,1034,4,3,2,2007,"Y","Other","Lvl","1Fam","Gd","Typ"
60000,9571,1276,6,3,1,1958,"Y","RL","Lvl","1Fam","TA","Other"
145000,34650,1056,1,3,1,1955,"Y","RL","Bnk","2fmCon","TA","Typ"
222000,4403,1470,6,2,2,2009,"Y","Other","Lvl","1Fam","Other","Typ"
115000,8960,1008,3,2,1,1927,"Y","RM","Lvl","1Fam","TA","Typ"
228000,11228,1080,12,3,2,1993,"Y","RL","Lvl","1Fam","Gd","Typ"
181134,8899,1340,8,3,2,2007,"Y","RL","Lvl","1Fam","Gd","Typ"
149500,7844,672,3,3,1,1978,"Y","RL","Lvl","1Fam","TA","Typ"
239000,22420,1370,11,4,2,1918,"Other","RL","Lvl","1Fam","TA","Typ"
126000,8160,756,4,3,1,1940,"Other","RL","Lvl","1Fam","TA","Typ"
206300,7060,1344,11,2,2,1997,"Y","RM","Lvl","Duplex","TA","Typ"
215000,16635,1602,6,3,2,1977,"Y","RL","Lvl","1Fam","Gd","Typ"
315000,9200,1470,6,4,2,1998,"Y","RL","Lvl","1Fam","Gd","Typ"
135000,3378,651,9,3,1,1946,"Other","RM","HLS","1Fam","TA","Typ"
275000,12800,1518,8,2,2,1989,"Y","RL","Low","1Fam","Gd","Typ"
109008,8593,907,7,3,1,1957,"Y","RL","Lvl","1Fam","TA","Typ"
195400,6762,1208,9,2,2,2007,"Y","RL","Lvl","1Fam","Gd","Typ"
175000,11457,1392,3,3,2,1988,"Y","RL","Lvl","1Fam","TA","Typ"
85400,1680,483,7,2,1,1971,"Y","RM","Lvl","Twnhs","TA","Typ"
212000,10667,799,4,3,2,1996,"Y","RL","Lvl","1Fam","Gd","Typ"
116000,4400,648,10,2,1,1920,"Y","RM","Lvl","1Fam","TA","Typ"
119000,6000,884,1,2,1,1926,"Y","RM","Lvl","1Fam","Gd","Typ"
90350,4280,440,3,2,1,1913,"Other","RL","Lvl","1Fam","TA","Typ"
555000,15431,3094,4,2,2,2008,"Y","RL","Lvl","1Fam","Other","Typ"
162900,6240,1078,6,3,2,1930,"Other","RM","Lvl","1Fam","TA","Typ"
127500,9855,1436,11,3,1,1956,"Y","RL","Lvl","1Fam","TA","Typ"
119500,8600,780,6,3,2,1937,"Other","RM","Bnk","1Fam","TA","Typ"
120000,6000,649,6,2,1,1948,"Y","RM","Lvl","1Fam","TA","Typ"
280000,70761,1533,12,2,2,1975,"Y","RL","Low","1Fam","TA","Typ"
204000,9303,872,7,3,2,1996,"Y","RL","Lvl","1Fam","Gd","Typ"
210000,9000,768,6,3,2,2008,"Y","Other","Lvl","1Fam","Gd","Typ"
188000,9297,1728,7,4,2,1976,"Y","RL","Lvl","Duplex","TA","Typ"
175500,9600,1242,9,3,1,1973,"Y","RL","Lvl","1Fam","TA","Typ"
98000,4571,624,5,4,1,1916,"Y","RM","Lvl","1Fam","TA","Typ"
256000,53227,1364,3,2,1,1954,"Y","RL","Low","1Fam","TA","Other"
161000,5100,588,6,3,1,1925,"Y","RM","Lvl","1Fam","TA","Typ"
263435,8004,832,12,3,2,2009,"Y","Other","Lvl","1Fam","Gd","Typ"
155000,7200,560,4,3,1,1936,"Y","RL","Lvl","1Fam","Gd","Typ"
188700,11988,715,8,3,1,1934,"Y","RL","HLS","1Fam","TA","Typ"
178740,3072,1375,5,2,2,2004,"Y","RM","Lvl","TwnhsE","Gd","Typ"
167000,10628,1277,4,2,1,1970,"Y","RL","Lvl","1Fam","TA","Typ"
146500,9480,728,6,3,1,1942,"Y","RL","Lvl","1Fam","TA","Typ"
250000,11428,1626,5,3,2,2006,"Y","RL","Lvl","1Fam","Gd","Typ"
187000,9291,832,6,3,2,1993,"Y","RL","Lvl","1Fam","Gd","Typ"
212000,6820,1488,6,1,1,1985,"Y","RL","Lvl","TwnhsE","Gd","Typ"
148000,3675,547,6,2,1,2005,"Y","RM","Lvl","TwnhsE","TA","Typ"
132500,8480,970,7,2,1,1963,"Y","RL","Lvl","1Fam","TA","Typ"
208900,13125,1478,4,3,2,1997,"Y","RL","Lvl","1Fam","TA","Typ"
380000,13693,2153,3,3,2,2006,"Y","RL","Lvl","1Fam","Other","Typ"
297000,10637,1705,9,3,2,2007,"Y","RL","Lvl","1Fam","Gd","Typ"
89471,5925,907,3,2,1,1937,"Y","RM","Bnk","1Fam","TA","Typ"
326000,16033,1833,3,3,2,2004,"Y","RL","Lvl","1Fam","Gd","Typ"
374000,11846,1792,8,2,2,2003,"Y","RL","HLS","1Fam","Gd","Typ"
155000,2500,910,6,4,1,1915,"Y","RM","Lvl","1Fam","Gd","Other"
132500,7758,999,3,3,1,1962,"Y","RL","Lvl","1Fam","TA","Typ"
147000,9600,1113,7,3,1,1950,"Y","RL","Lvl","1Fam","Gd","Typ"
156000,10289,1073,6,3,1,1965,"Y","RL","Lvl","1Fam","TA","Typ"
175000,12243,1484,2,3,2,1971,"Y","RL","Lvl","1Fam","TA","Typ"
160000,10800,954,5,3,2,1900,"Other","RL","Lvl","2fmCon","TA","Other"
86000,1526,630,5,1,1,1970,"Y","RM","Lvl","Twnhs","TA","Typ"
115000,2665,264,6,3,1,1976,"Y","RM","Lvl","TwnhsE","TA","Typ"
133000,9490,806,8,3,1,1941,"Y","RL","Lvl","1Fam","TA","Typ"
172785,15578,728,5,3,2,2006,"Y","RL","Lvl","1Fam","Gd","Typ"
155000,7931,1269,6,3,1,1960,"Y","RL","Lvl","1Fam","TA","Typ"
91300,5784,190,12,2,1,1938,"Y","RM","Lvl","1Fam","TA","Typ"
430000,12692,3200,5,4,3,1992,"Y","RL","Lvl","1Fam","Gd","Typ"
184000,9120,1026,6,4,2,1925,"Other","RL","Lvl","1Fam","TA","Typ"
130000,7800,864,6,3,1,1967,"Y","RL","Lvl","1Fam","TA","Typ"
113000,1890,672,5,3,1,1973,"Y","RM","Lvl","Twnhs","TA","Typ"
226700,9803,866,2,3,2,2005,"Y","Other","Lvl","1Fam","Gd","Typ"
140000,9170,1214,4,2,1,1965,"Y","RL","Lvl","1Fam","TA","Typ"
147000,2308,855,6,3,2,1974,"Y","RL","Lvl","TwnhsE","TA","Typ"
124500,7596,960,7,4,2,1952,"Other","RM","Lvl","Duplex","TA","Typ"
208300,7862,1218,9,2,2,2009,"Y","Other","Lvl","1Fam","Gd","Typ"
161000,9600,689,10,3,2,1928,"Other","RM","Lvl","1Fam","TA","Typ"
164900,14559,1008,6,2,1,1951,"Y","RL","Lvl","1Fam","Gd","Other"
134000,9187,1084,6,3,1,1983,"Y","RL","Bnk","1Fam","TA","Typ"
96500,10594,768,6,2,1,1926,"Y","RL","Lvl","1Fam","TA","Typ"
402861,12220,2006,9,3,2,2009,"Y","RL","Lvl","1Fam","Other","Typ"
265000,10208,1264,7,3,2,1996,"Y","RL","Lvl","1Fam","Gd","Typ"
211000,9531,794,5,3,2,1998,"Y","RL","Lvl","1Fam","TA","Typ"
234000,10918,1276,6,3,1,1926,"Y","RL","Lvl","1Fam","Gd","Typ"
315750,11787,1379,8,3,2,1996,"Y","RL","Lvl","1Fam","Gd","Typ"
176000,7500,1257,4,3,2,2005,"Y","Other","Lvl","1Fam","Gd","Typ"
446261,14948,1452,11,3,2,2008,"Y","RL","Lvl","1Fam","Other","Typ"
175000,10200,1461,8,3,2,1988,"Y","RL","Lvl","1Fam","Gd","Typ"
128000,6155,611,6,3,2,1920,"Y","RM","Lvl","1Fam","TA","Typ"
107500,7200,0,4,2,1,1955,"Y","RL","Lvl","1Fam","TA","Other"
178000,9056,707,10,3,2,2004,"Y","RL","Lvl","1Fam","Gd","Typ"
111250,12735,864,4,3,1,1972,"Y","RL","Lvl","1Fam","TA","Typ"
158000,11553,1051,7,3,1,1968,"Y","RL","Lvl","1Fam","TA","Typ"
315000,14601,1838,3,2,2,2006,"Y","RL","Lvl","1Fam","Other","Typ"
248000,11000,969,6,4,2,2000,"Y","RL","Lvl","1Fam","Gd","Typ"
213250,10140,1650,6,3,2,1998,"Y","RL","Lvl","1Fam","Gd","Other"
133000,4058,723,6,1,1,1998,"Y","Other","Lvl","TwnhsE","TA","Typ"
179665,17104,654,9,3,2,2006,"Y","RL","Lvl","1Fam","Gd","Typ"
229000,13837,1204,2,4,2,1988,"Y","RL","Lvl","1Fam","Gd","Typ"
210000,8737,1065,5,3,1,1923,"Y","RL","Bnk","1Fam","TA","Typ"
129500,7244,768,4,2,1,1970,"Y","RL","Lvl","1Fam","TA","Typ"
263000,9375,912,11,4,2,2003,"Y","Other","Lvl","1Fam","Gd","Typ"
140000,4043,1069,10,2,2,1977,"Y","RL","Lvl","TwnhsE","TA","Typ"
112500,6000,928,6,3,1,1957,"Y","RM","Lvl","1Fam","TA","Typ"
284000,10625,998,8,3,2,2003,"Y","RL","Lvl","1Fam","Gd","Typ"
113000,6380,993,8,2,1,1922,"Y","RM","Lvl","1Fam","TA","Typ"
108000,11040,637,9,3,1,1920,"Y","Other","Low","1Fam","TA","Typ"
234000,3196,1374,10,2,2,2003,"Y","RL","Lvl","TwnhsE","Gd","Typ"
121500,11341,1392,5,3,1,1957,"Y","RL","Lvl","1Fam","TA","Other"
170000,10010,1389,4,2,1,1974,"Y","RL","Lvl","1Fam","TA","Typ"
185000,21780,1163,7,4,2,1918,"Other","RL","Lvl","1Fam","TA","Typ"
268000,13346,1095,7,4,2,1992,"Y","RL","Lvl","1Fam","Gd","Typ"
325000,11198,1122,6,4,2,2005,"Y","RL","Lvl","1Fam","Gd","Typ"
214000,10171,1517,3,3,2,2004,"Y","RL","Lvl","1Fam","Gd","Typ"
135960,7032,943,12,2,1,1979,"Y","RL","Lvl","Duplex","TA","Typ"
142600,13101,1728,11,6,2,1965,"Y","RL","Lvl","Duplex","TA","Typ"
170000,9967,384,12,3,2,2000,"Y","RL","Lvl","1Fam","TA","Typ"
139000,10500,372,12,3,1,1971,"Y","RL","Lvl","1Fam","TA","Typ"
118500,8480,832,10,2,1,1947,"Y","RL","Lvl","1Fam","TA","Typ"
146000,3604,689,2,2,2,2007,"Y","Other","Lvl","TwnhsE","Gd","Typ"
131500,12150,1050,11,4,2,1954,"Y","RM","Lvl","1Fam","TA","Typ"
181900,14585,1144,6,3,1,1960,"Y","RL","Lvl","1Fam","TA","Typ"
253293,12704,2042,8,3,2,2008,"Y","RL","Lvl","1Fam","Other","Typ"
325000,13500,1237,7,3,3,1893,"Y","RM","Lvl","1Fam","Other","Typ"
133000,6120,884,7,3,1,1935,"Y","RM","Lvl","1Fam","TA","Typ"
130000,10267,816,5,2,1,1918,"Other","RL","Lvl","1Fam","TA","Typ"
137000,8740,840,7,2,1,1982,"Y","RL","Lvl","1Fam","TA","Typ"
143000,25095,1437,6,1,1,1968,"Y","RL","Low","1Fam","TA","Typ"
79500,9100,742,8,2,1,1930,"Other","RM","Lvl","1Fam","TA","Typ"
451950,13478,1722,6,3,2,2008,"Y","RL","Lvl","1Fam","Other","Typ"
138000,6600,816,6,2,1,1982,"Y","RL","Lvl","1Fam","TA","Typ"
140000,4435,848,5,1,1,2003,"Y","RM","Lvl","TwnhsE","Gd","Typ"
110000,7990,924,4,3,1,1975,"Y","RL","Lvl","1Fam","TA","Typ"
319000,11302,1814,8,3,2,2005,"Y","RL","Lvl","1Fam","Gd","Typ"
194201,3922,1258,2,2,0,2006,"Y","RL","Lvl","TwnhsE","Gd","Typ"
151000,1950,716,7,3,2,1980,"Y","RM","Lvl","Twnhs","TA","Typ"
141000,9000,780,12,3,1,1937,"Other","RM","Bnk","1Fam","TA","Typ"
220000,10041,908,2,3,2,1992,"Y","RL","Lvl","1Fam","Gd","Typ"
151000,3182,600,6,2,2,2004,"Y","Other","Lvl","TwnhsE","Gd","Typ"
221000,12803,1494,9,3,2,2002,"Y","RL","Lvl","1Fam","Gd","Typ"
205000,13600,768,10,3,2,1965,"Y","RL","Lvl","1Fam","TA","Typ"
225000,7800,896,8,3,3,1948,"Y","RL","Bnk","1Fam","TA","Typ"
359100,12168,965,9,4,2,1934,"Y","RL","HLS","1Fam","TA","Typ"
118500,7943,1029,4,3,1,1961,"Y","RL","Lvl","1Fam","TA","Typ"
313000,11050,1440,5,3,2,2000,"Y","RL","Lvl","1Fam","Gd","Typ"
148000,10395,1032,7,3,2,1978,"Y","RL","Lvl","1Fam","TA","Typ"
261500,11885,1299,11,3,2,2001,"Y","RL","Lvl","1Fam","Gd","Typ"
137500,8800,936,5,3,1,1963,"Y","RL","Lvl","1Fam","TA","Typ"
183200,7861,783,6,3,2,2002,"Y","RL","Lvl","1Fam","Gd","Typ"
314813,11694,1822,7,3,2,2007,"Y","RL","Lvl","1Fam","Other","Typ"
305000,12244,1482,8,4,2,2003,"Y","RL","Lvl","1Fam","Gd","Typ"
240000,10800,1522,6,4,2,1974,"Y","RL","Lvl","1Fam","TA","Typ"
160000,10000,1116,2,3,1,1962,"Y","RL","Lvl","1Fam","TA","Typ"
139900,12342,978,8,3,1,1960,"Y","RL","Lvl","1Fam","TA","Other"
153000,9600,1156,3,3,1,1955,"Y","RL","Lvl","1Fam","TA","Typ"
168500,9020,1248,6,3,1,1964,"Y","RL","Lvl","1Fam","TA","Typ"
124000,9000,636,6,3,1,1880,"Other","RM","Lvl","1Fam","TA","Typ"
209500,4590,1554,8,2,2,2006,"Y","RL","Lvl","Twnhs","Gd","Typ"
82500,11900,1386,4,3,2,1977,"Y","RL","Lvl","1Fam","TA","Typ"
139400,9250,1056,7,3,1,1954,"Y","RL","Lvl","1Fam","TA","Typ"
144000,6979,1056,6,0,0,1980,"Y","RL","Lvl","Duplex","TA","Typ"
93000,6000,811,11,3,2,1954,"Y","RM","Lvl","2fmCon","TA","Typ"
274000,12677,1518,4,1,1,2003,"Y","RL","Lvl","TwnhsE","Other","Typ"
345000,13860,1952,7,4,2,1972,"Y","RL","Lvl","1Fam","Gd","Typ"
370878,9187,1766,10,2,2,2009,"Y","Other","Lvl","1Fam","Other","Typ"
143250,10530,981,3,3,1,1971,"Y","RL","Lvl","1Fam","TA","Typ"
98300,7200,0,7,3,1,1950,"Y","RL","Lvl","1Fam","TA","Other"
155000,10452,1094,6,3,1,1953,"Y","RL","Lvl","1Fam","TA","Typ"
108000,9084,755,10,4,1,1940,"Other","RL","Lvl","1Fam","TA","Typ"
191000,8750,880,7,2,2,1996,"Y","RL","Lvl","1Fam","Gd","Typ"
135000,10320,756,6,3,1,1906,"Y","RM","Lvl","1Fam","TA","Typ"
350000,10437,2109,8,2,2,1995,"Y","RL","Lvl","1Fam","Gd","Typ"
149000,7200,776,2,3,1,1931,"Other","RL","HLS","1Fam","TA","Typ"
97500,17503,912,1,3,1,1948,"Y","RL","Lvl","1Fam","TA","Typ"
197900,12384,793,11,3,2,1976,"Y","RL","Lvl","1Fam","TA","Typ"
402000,46589,1629,7,4,2,1994,"Y","RL","Lvl","1Fam","Gd","Typ"
110000,13560,1392,7,2,1,1968,"Y","RL","Lvl","1Fam","TA","Other"
137500,10012,1138,4,3,2,1972,"Y","RL","Lvl","1Fam","TA","Typ"
423000,20896,2077,1,1,1,2005,"Y","RL","Lvl","1Fam","Gd","Typ"
230500,11194,1406,11,3,2,2000,"Y","RL","Lvl","1Fam","Gd","Typ"
129000,18450,1021,8,3,2,1965,"Y","RL","Lvl","1Fam","TA","Other"
168000,14175,1188,11,3,1,1956,"Y","RL","Bnk","1Fam","TA","Other"
137500,11600,700,7,2,1,1922,"Y","RL","Lvl","1Fam","TA","Typ"
173500,8633,738,2,3,2,2005,"Y","RL","Lvl","1Fam","Gd","Typ"
103600,6629,672,7,3,2,1925,"Y","Other","Lvl","1Fam","TA","Typ"
165000,11250,1208,6,3,1,1977,"Y","RL","Lvl","1Fam","Gd","Typ"
257500,14442,1477,6,3,2,1957,"Y","RL","Lvl","1Fam","TA","Typ"
140000,9200,1136,7,3,1,1965,"Y","RL","Lvl","1Fam","TA","Typ"
148500,2289,855,4,3,2,1978,"Y","RL","Lvl","Twnhs","TA","Typ"
109500,9022,768,5,2,1,1924,"Other","RL","Lvl","1Fam","Gd","Typ"
372500,11844,2046,7,3,2,2008,"Y","RL","Lvl","1Fam","Gd","Typ"
143000,8012,923,5,2,2,1980,"Y","RL","Lvl","TwnhsE","TA","Typ"
173000,2887,1291,11,2,1,1996,"Y","RL","HLS","1Fam","TA","Typ"
285000,11248,1626,7,3,2,2002,"Y","RL","Lvl","1Fam","Gd","Typ"
221000,16770,1195,6,4,2,1998,"Y","RL","Lvl","1Fam","Gd","Typ"
207500,5062,1190,9,3,2,1984,"Y","RL","Lvl","TwnhsE","Gd","Other"
148800,5105,551,3,2,2,2004,"Y","Other","Lvl","TwnhsE","Gd","Typ"
392000,8089,1419,10,2,2,2007,"Y","RL","HLS","1Fam","Gd","Typ"
194700,7577,1362,6,2,2,2005,"Y","RL","Lvl","TwnhsE","Gd","Typ"
335000,26178,1210,4,4,2,1989,"Y","RL","Lvl","1Fam","Gd","Typ"
141500,6120,927,4,3,1,1936,"Y","RM","Lvl","1Fam","TA","Typ"
123500,6420,980,9,2,1,1952,"Y","RL","Lvl","1Fam","TA","Typ"
138500,8450,894,4,3,1,1965,"Y","RL","Lvl","1Fam","TA","Typ"
196000,4282,1391,7,2,2,2004,"Y","Other","Lvl","TwnhsE","Gd","Typ"
312500,14331,1800,5,3,2,2002,"Y","RL","Lvl","1Fam","Gd","Typ"
140000,9600,1164,7,3,1,1969,"Y","RL","Lvl","1Fam","TA","Typ"
361919,12438,1234,7,4,2,2006,"Y","RL","Lvl","1Fam","Other","Typ"
140000,7630,360,5,4,2,1900,"Other","RM","Lvl","2fmCon","TA","Typ"
213000,8400,1473,5,3,2,2004,"Y","RL","Lvl","1Fam","Gd","Typ"
179540,9018,728,7,3,2,2007,"Y","RL","Lvl","1Fam","Gd","Typ"
109900,7162,876,12,3,1,1966,"Y","RL","Lvl","1Fam","TA","Typ"
102776,8712,859,1,2,1,1900,"Other","Other","HLS","1Fam","TA","Typ"
129000,9873,960,5,3,1,1970,"Y","RL","Lvl","2fmCon","TA","Typ"
130500,13517,725,3,3,2,1976,"Y","RL","Lvl","1Fam","Gd","Typ"
165000,10140,1064,8,3,2,1974,"Y","RL","Lvl","1Fam","TA","Typ"
159500,10800,718,7,3,1,1890,"Other","RM","Bnk","1Fam","TA","Typ"
341000,10542,1311,8,3,2,1993,"Y","RL","Lvl","1Fam","Gd","Typ"
128500,9920,971,5,3,1,1969,"Y","RL","Lvl","1Fam","TA","Typ"
124500,8120,864,7,3,1,1970,"Y","RL","Lvl","1Fam","TA","Typ"
135000,8172,941,5,4,2,1954,"Y","RL","Lvl","1Fam","TA","Typ"
320000,13286,1698,2,3,2,2007,"Y","RL","Lvl","1Fam","Other","Typ"
194500,7314,1232,2,2,2,2007,"Y","RL","Lvl","1Fam","Gd","Typ"
110000,11475,1584,7,4,2,1958,"Y","RL","Lvl","Duplex","TA","Typ"
103000,6240,780,1,2,1,1925,"Y","RM","Lvl","1Fam","TA","Typ"
236500,5389,1595,3,2,2,1995,"Y","RL","Lvl","TwnhsE","Gd","Typ"
222500,11404,1153,7,3,2,1998,"Y","RL","Lvl","1Fam","Gd","Typ"
131400,10000,864,3,3,1,1961,"Y","RL","Lvl","1Fam","TA","Typ"
108000,8978,948,5,3,1,1968,"Y","RL","Lvl","1Fam","TA","Typ"
163000,10800,880,10,2,1,1914,"Other","RM","Lvl","1Fam","TA","Typ"
93500,8544,0,7,2,2,1950,"Y","RL","Lvl","Duplex","TA","Typ"
239900,10463,893,6,3,2,2005,"Y","RL","HLS","1Fam","Gd","Typ"
190000,9313,864,4,3,2,2004,"Y","RL","Lvl","1Fam","Gd","Typ"
132000,9600,264,5,2,2,1910,"Y","RM","Lvl","1Fam","TA","Typ"
142000,6768,912,5,3,1,1961,"Y","RL","Lvl","1Fam","TA","Typ"
179000,8450,1349,12,3,2,2000,"Y","RL","Lvl","1Fam","TA","Typ"
175000,12886,520,10,3,2,1963,"Y","RL","Lvl","1Fam","TA","Other"
180000,5395,1337,10,2,2,1993,"Y","RL","HLS","TwnhsE","Gd","Typ"
299800,8963,1142,7,4,3,1976,"Y","RL","Lvl","1Fam","Other","Typ"
236000,8795,952,4,4,2,2000,"Y","RL","Lvl","1Fam","Gd","Typ"
265979,11700,1240,5,4,1,1880,"Other","RM","Lvl","1Fam","Gd","Typ"
260400,10593,1720,3,3,2,1996,"Y","RL","Lvl","1Fam","Gd","Typ"
217000,9236,1479,7,3,2,1997,"Y","RL","Lvl","1Fam","TA","Typ"
275500,10240,1030,3,3,2,2005,"Y","RL","Lvl","1Fam","Gd","Typ"
156000,7930,1026,7,3,1,1969,"Y","RL","Lvl","1Fam","TA","Typ"
212000,10769,866,4,3,2,2007,"Y","RL","Lvl","1Fam","Gd","Typ"
158900,11616,672,4,3,2,1978,"Y","RL","Lvl","1Fam","TA","Typ"
179400,2280,744,8,3,2,1999,"Y","Other","Lvl","Twnhs","TA","Typ"
290000,12257,1318,11,4,2,1995,"Y","RL","Lvl","1Fam","Gd","Typ"
127500,9100,864,10,2,1,1959,"Y","RL","Lvl","1Fam","TA","Typ"
1e+05,6911,1145,10,2,1,1924,"Y","RM","Lvl","1Fam","TA","Other"
215200,8640,756,6,3,2,2009,"Y","Other","Lvl","1Fam","TA","Typ"
270000,9549,1494,4,2,1,1995,"Y","RL","Lvl","TwnhsE","Gd","Typ"
196500,10421,980,3,3,2,1988,"Y","RL","Lvl","1Fam","TA","Typ"
160000,12508,983,7,4,2,1940,"Y","RL","Lvl","1Fam","TA","Other"
216837,9100,1860,10,3,2,2004,"Y","RL","Lvl","1Fam","Gd","Typ"
538000,53504,1650,6,4,3,2003,"Y","RL","HLS","1Fam","Other","Other"
102000,8877,836,4,2,1,1951,"Y","RL","Lvl","1Fam","TA","Typ"
107000,7819,1029,3,3,1,1976,"Y","RL","Lvl","1Fam","TA","Typ"
114500,10150,912,7,2,1,1958,"Y","RL","Lvl","1Fam","TA","Typ"
395000,14226,1935,7,3,2,2006,"Y","RL","Lvl","1Fam","Gd","Typ"
162000,4500,1204,6,2,2,1998,"Y","RM","Lvl","TwnhsE","TA","Typ"
221500,11210,1614,7,3,2,2005,"Y","RL","Lvl","1Fam","Gd","Typ"
144000,8400,0,10,4,2,1977,"Y","Other","Lvl","Duplex","TA","Typ"
135000,10530,975,5,2,1,1977,"Y","RL","Lvl","Duplex","TA","Typ"
175900,7153,761,7,3,2,1992,"Y","RL","Lvl","1Fam","Gd","Typ"
165500,9101,1097,7,1,1,1978,"Y","RL","Lvl","1Fam","TA","Typ"
161500,9790,1372,9,3,2,1967,"Y","RL","Lvl","1Fam","TA","Typ"
139000,10800,686,6,4,2,1915,"Y","RM","Lvl","1Fam","TA","Typ"
160200,3182,1145,9,2,2,2005,"Y","RL","Lvl","TwnhsE","Gd","Typ"
146800,11333,1029,5,3,1,1976,"Y","RL","Lvl","1Fam","TA","Typ"
269790,9920,1117,6,3,2,1996,"Y","RL","Lvl","1Fam","Gd","Typ"
194500,10832,712,10,3,2,1994,"Y","RL","Lvl","1Fam","Gd","Typ"
175000,7200,731,6,3,1,1937,"Y","RL","Lvl","1Fam","TA","Typ"
189000,8199,728,10,3,2,2005,"Y","RL","Lvl","1Fam","Gd","Typ"
582933,13891,1734,1,4,3,2008,"Y","RL","Lvl","1Fam","Other","Typ"
118000,9000,936,6,2,1,1954,"Y","RL","Lvl","1Fam","TA","Other"
135500,9750,980,10,3,2,1967,"Y","RL","Lvl","1Fam","TA","Typ"
223500,21384,1324,5,3,1,1923,"Y","RL","Lvl","1Fam","TA","Typ"
159950,13400,1024,6,3,1,1966,"Y","RL","Lvl","1Fam","TA","Typ"
106000,8100,849,11,2,2,1898,"Other","RM","Lvl","1Fam","TA","Typ"
144500,4438,848,6,1,1,2004,"Y","RM","Lvl","TwnhsE","Gd","Typ"
55993,8712,540,6,2,1,1952,"Other","Other","Bnk","1Fam","Other","Typ"
157900,9750,1442,4,4,1,1958,"Y","RL","Lvl","1Fam","TA","Typ"
271000,13265,1568,7,3,2,2002,"Y","RL","Lvl","1Fam","Gd","Typ"
155000,8816,1010,6,3,1,1971,"Y","RL","Lvl","1Fam","TA","Typ"
93000,6000,936,2,2,1,1953,"Y","RM","Bnk","2fmCon","Other","Other"
139500,9900,778,7,3,2,1940,"Y","RL","Lvl","1Fam","TA","Typ"
232600,11216,1489,6,3,2,2006,"Y","Other","Lvl","1Fam","Gd","Typ"
385000,14803,2078,6,2,2,2007,"Y","RL","Lvl","1Fam","Other","Typ"
147400,2544,600,7,2,2,2005,"Y","Other","Lvl","Twnhs","Gd","Typ"
166000,11900,1392,6,3,1,1957,"Y","RL","Lvl","1Fam","TA","Typ"
237000,9548,941,1,3,2,2003,"Y","RL","Lvl","1Fam","Gd","Typ"
167000,10004,1516,2,3,1,1964,"Y","RL","Lvl","1Fam","TA","Typ"
139950,7875,1144,9,3,1,1961,"Y","RL","Lvl","1Fam","TA","Typ"
128000,9600,1067,2,2,2,1950,"Y","RL","Lvl","1Fam","TA","Other"
153500,8100,1559,6,2,1,1948,"Y","RM","Lvl","1Fam","TA","Other"
144000,9525,1099,6,3,1,1995,"Y","RL","Lvl","1Fam","TA","Typ"
130500,11767,768,5,3,1,1946,"Y","RL","Lvl","1Fam","TA","Typ"
140000,12155,672,3,4,2,1925,"Other","Other","Lvl","1Fam","TA","Typ"
157500,10440,650,6,3,2,1904,"Other","RM","Lvl","1Fam","TA","Typ"
174900,9020,1127,5,3,1,1966,"Y","RL","Lvl","1Fam","TA","Typ"
153900,12665,876,6,4,1,1915,"Y","RM","Lvl","1Fam","TA","Typ"
171000,16647,1390,1,3,2,1975,"Y","RL","Lvl","1Fam","TA","Other"
213000,9317,740,7,3,2,1993,"Y","RL","Lvl","1Fam","Gd","Typ"
133500,15523,864,8,3,1,1972,"Y","RL","Lvl","1Fam","TA","Typ"
240000,45600,907,9,5,3,1908,"Y","RL","Bnk","1Fam","TA","Typ"
187000,9600,528,8,3,2,1976,"Y","RL","Lvl","1Fam","Gd","Typ"
131500,4435,848,11,1,1,2003,"Y","RM","Lvl","TwnhsE","Gd","Typ"
215000,3196,1273,5,2,2,2003,"Y","RL","Lvl","TwnhsE","Gd","Typ"
164000,7128,918,8,4,2,1941,"Y","RL","Lvl","1Fam","TA","Typ"
127000,6897,1040,4,3,1,1962,"Y","RL","Lvl","1Fam","TA","Typ"
147000,10970,940,10,3,1,1978,"Y","RL","Low","1Fam","TA","Typ"
174000,8125,702,3,3,2,1994,"Y","RL","Lvl","1Fam","TA","Typ"
152000,10400,1090,6,3,2,1976,"Y","RL","Lvl","1Fam","TA","Typ"
250000,11029,1054,8,4,2,1968,"Y","RL","Lvl","1Fam","TA","Typ"
189950,7642,912,6,3,1,1918,"Y","RL","Lvl","1Fam","Gd","Typ"
152000,9672,1040,5,3,2,1984,"Y","RL","Lvl","1Fam","TA","Typ"
132500,7931,1148,7,3,1,1959,"Y","RL","Lvl","1Fam","TA","Typ"
248900,10656,1638,11,3,2,2006,"Y","RL","HLS","1Fam","Gd","Typ"
129000,6970,1040,5,3,1,1961,"Y","RL","Lvl","1Fam","TA","Typ"
169000,14762,0,5,2,2,1948,"Other","RL","Lvl","1Fam","TA","Typ"
236000,9938,1050,6,3,2,1993,"Y","RL","Lvl","1Fam","Gd","Typ"
200500,8750,804,6,3,2,1998,"Y","RL","Lvl","1Fam","TA","Typ"
303477,9000,1184,8,4,2,2007,"Y","Other","Lvl","1Fam","Gd","Typ"
132250,25286,1064,1,3,1,1963,"Y","RL","HLS","1Fam","TA","Typ"
350000,8834,1462,6,4,2,2004,"Y","RL","Lvl","1Fam","Gd","Typ"
136500,7000,864,7,3,1,1978,"Y","RL","Lvl","1Fam","Gd","Typ"
157000,7024,1090,6,2,1,2005,"Y","RL","Lvl","1Fam","TA","Typ"
187500,13758,1156,4,3,2,1990,"Y","RL","Lvl","1Fam","Gd","Typ"
178000,9636,808,12,3,2,1992,"Y","RL","Lvl","1Fam","TA","Typ"
118500,6204,795,3,5,1,1912,"Y","RL","Bnk","1Fam","Gd","Typ"
328900,5119,1698,1,2,2,1999,"Y","Other","Lvl","TwnhsE","Gd","Typ"
145000,8393,1626,6,4,2,1959,"Y","RL","Lvl","Duplex","TA","Typ"
135500,16466,816,4,3,1,1955,"Y","RL","Lvl","1Fam","TA","Typ"
268000,15865,2217,10,4,2,1970,"Y","RL","Lvl","1Fam","Gd","Typ"
122900,8064,672,7,3,1,1949,"Y","RL","Lvl","1Fam","TA","Typ"
172500,11184,918,7,3,2,1978,"Y","RL","Lvl","1Fam","TA","Typ"
154500,8414,1059,2,3,1,1963,"Y","RL","Lvl","1Fam","TA","Typ"
165000,13284,1383,6,3,1,1954,"Y","RL","Lvl","1Fam","TA","Typ"
118858,7018,0,6,4,2,1979,"Y","RL","Bnk","Duplex","TA","Typ"
142953,7018,0,6,6,2,1979,"Y","RL","Lvl","Duplex","TA","Typ"
611657,12919,2330,3,2,2,2009,"Y","RL","Lvl","1Fam","Other","Typ"
135000,6993,912,6,3,1,1961,"Y","RL","Lvl","1Fam","TA","Typ"
153000,8712,992,5,2,1,1957,"Y","RL","Lvl","1Fam","TA","Typ"
180000,7875,783,7,3,2,2003,"Y","RL","Lvl","1Fam","Gd","Typ"
255000,13501,1623,6,3,2,2006,"Y","RL","Lvl","1Fam","Gd","Typ"
250000,11500,1017,6,3,1,1936,"Y","RL","Lvl","1Fam","Gd","Typ"
174000,12589,742,6,3,2,2005,"Y","RL","Lvl","1Fam","Gd","Typ"
154300,11600,1105,1,5,2,1960,"Y","RL","Lvl","Duplex","TA","Typ"
88000,6120,768,7,3,1,1925,"Y","RM","Lvl","1Fam","TA","Other"
145000,6270,1001,8,4,2,1949,"Y","Other","HLS","Duplex","TA","Typ"
173733,3000,612,6,2,2,2009,"Y","Other","Lvl","TwnhsE","Gd","Typ"
135000,17140,1134,4,3,1,1956,"Y","RL","Lvl","1Fam","TA","Typ"
238000,13125,1104,11,4,2,1991,"Y","RL","Lvl","1Fam","Gd","Typ"
176500,11029,1184,5,3,1,1958,"Y","RL","Lvl","1Fam","Other","Other"
201000,8462,928,7,3,2,1994,"Y","RL","Lvl","1Fam","Gd","Typ"
169990,10237,1316,10,3,2,2005,"Y","RL","Lvl","1Fam","Gd","Typ"
207500,10240,1686,5,3,2,1980,"Y","RL","Lvl","1Fam","TA","Typ"
285000,11999,1181,5,4,2,2003,"Y","RL","Lvl","1Fam","Gd","Typ"
176000,9900,832,4,4,2,1968,"Y","RL","Lvl","1Fam","TA","Typ"
236500,11838,1753,6,3,2,2001,"Y","RL","Lvl","1Fam","Gd","Typ"
222000,13006,964,11,4,2,1997,"Y","RL","Lvl","1Fam","TA","Typ"
201000,8925,1466,7,3,2,2007,"Y","RL","HLS","1Fam","Gd","Typ"
190000,8487,1500,8,3,2,2004,"Y","RL","Lvl","1Fam","Gd","Typ"
242000,27650,585,11,4,2,1960,"Y","RL","HLS","1Fam","TA","Typ"
79900,5825,600,6,1,1,1926,"Y","RL","Lvl","1Fam","TA","Typ"
244400,24090,1032,6,4,2,1940,"Y","RL","Lvl","1Fam","TA","Typ"
150900,12640,1728,7,4,2,1976,"Y","RL","Lvl","Duplex","TA","Typ"
137500,14375,819,1,3,1,1958,"Y","RL","Lvl","1Fam","TA","Typ"
143000,8163,1144,3,3,1,1959,"Y","RL","Lvl","1Fam","TA","Typ"
270000,14536,1616,11,3,2,2002,"Y","RL","Lvl","1Fam","Gd","Typ"
192500,14006,936,2,3,2,2002,"Y","RL","Lvl","1Fam","Gd","Typ"
197500,9360,1161,3,3,1,1972,"Y","RL","Lvl","1Fam","TA","Typ"
129000,7200,864,7,3,1,1950,"Y","RL","Lvl","1Fam","TA","Typ"
133900,7200,768,4,2,1,1972,"Y","RL","Lvl","1Fam","TA","Typ"
172000,11075,784,9,4,2,1969,"Y","RL","Lvl","1Fam","TA","Other"
145000,7136,979,8,4,2,1946,"Y","Other","HLS","Duplex","TA","Typ"
124000,1300,561,5,2,1,1980,"Y","RM","Lvl","TwnhsE","TA","Typ"
132000,7420,1057,4,3,1,1962,"Y","RL","Lvl","1Fam","TA","Typ"
185000,8450,1337,10,3,2,2003,"Y","RL","Lvl","1Fam","Gd","Typ"
155000,2572,696,5,3,2,1999,"Y","Other","Lvl","Twnhs","Gd","Typ"
272000,12227,1330,7,4,2,1977,"Y","RL","Lvl","1Fam","TA","Typ"
155000,2308,804,7,3,2,1976,"Y","RL","Lvl","TwnhsE","TA","Typ"
239000,11923,1800,5,2,2,2007,"Y","RL","Lvl","1Fam","Gd","Typ"
214900,11316,817,2,4,2,2002,"Y","RL","Lvl","1Fam","Gd","Typ"
178900,10237,783,7,3,2,2005,"Y","RL","Lvl","1Fam","Gd","Typ"
135000,7390,1098,7,3,1,1955,"Y","RL","Lvl","1Fam","TA","Typ"
140000,10382,588,3,2,1,1958,"Y","RL","Lvl","2fmCon","TA","Typ"
173000,2268,764,7,2,2,2003,"Y","RL","Lvl","Twnhs","Gd","Typ"
165000,2651,673,4,3,2,2000,"Y","Other","Lvl","Twnhs","Gd","Typ"
110000,9450,894,5,3,1,1954,"Y","RL","Bnk","1Fam","TA","Typ"
178400,12122,944,7,3,1,1961,"Y","RL","Lvl","1Fam","Other","Typ"
336000,12203,1225,7,4,2,1998,"Y","RL","Lvl","1Fam","Gd","Typ"
159895,3182,1266,3,2,2,2007,"Y","RL","Lvl","1Fam","Gd","Typ"
255900,11250,1128,5,4,2,2002,"Y","RL","Lvl","1Fam","Gd","Typ"
125000,10880,1164,8,3,1,1950,"Y","RL","Lvl","2fmCon","TA","Typ"
117000,5310,485,6,2,1,1910,"Y","RM","Lvl","1Fam","TA","Typ"
195000,12046,848,6,4,2,1976,"Y","RL","Lvl","1Fam","TA","Typ"
197000,8125,770,8,3,2,2006,"Y","Other","Lvl","1Fam","Gd","Typ"
348000,9452,1396,6,3,2,1997,"Y","RL","Lvl","1Fam","Gd","Typ"
168000,17671,916,11,4,1,1882,"Other","RM","Lvl","1Fam","Gd","Typ"
187000,9760,822,7,3,2,1964,"Y","RL","Lvl","1Fam","TA","Typ"
337500,12456,1700,7,3,2,2006,"Y","RL","Lvl","1Fam","Other","Typ"
136500,10659,1050,1,3,1,1961,"Y","RL","Lvl","1Fam","TA","Typ"
185000,11717,1442,2,2,2,1970,"Y","RL","Lvl","1Fam","TA","Typ"
206000,6762,1187,2,2,2,2006,"Y","RL","Lvl","1Fam","Gd","Typ"
82000,10206,0,7,2,1,1952,"Y","RL","Lvl","1Fam","TA","Other"
86000,5400,691,1,2,1,1920,"Other","RL","Lvl","1Fam","TA","Typ"
136905,11500,1680,6,4,2,1976,"Y","RL","Lvl","Duplex","TA","Typ"
181000,3182,1346,5,1,2,2005,"Y","RL","Lvl","TwnhsE","Gd","Typ"
149900,8385,985,11,3,2,1977,"Y","RL","Lvl","1Fam","Gd","Typ"
163500,12155,1657,3,3,2,1970,"Y","RL","Lvl","1Fam","TA","Typ"
88000,2217,546,8,3,1,1970,"Y","RM","Lvl","TwnhsE","TA","Typ"
240000,12118,1710,4,3,2,2004,"Y","RL","Lvl","1Fam","Gd","Typ"
135000,21286,720,8,4,2,1948,"Y","RL","Lvl","1Fam","TA","Typ"
85000,7200,1022,6,2,1,1910,"Y","RM","Lvl","1Fam","TA","Other"
227000,8400,810,11,3,2,2001,"Y","RL","Lvl","1Fam","Gd","Typ"
203000,11883,1504,6,3,2,1996,"Y","RL","Lvl","1Fam","Gd","Typ"
187500,5814,1220,8,1,1,1984,"Y","RL","Lvl","TwnhsE","Gd","Typ"
213490,3013,1362,4,2,2,2005,"Y","RL","Lvl","TwnhsE","Gd","Typ"
176000,7024,1132,6,2,1,2005,"Y","RL","Lvl","1Fam","TA","Typ"
87000,9439,912,3,2,1,1930,"Y","RM","Lvl","1Fam","TA","Typ"
191000,3182,1346,5,2,2,2005,"Y","RL","Lvl","TwnhsE","Gd","Typ"
287000,15498,1565,5,2,2,1976,"Y","RL","Lvl","1Fam","Gd","Typ"
112500,7700,882,3,3,1,1972,"Y","RL","Lvl","1Fam","TA","Typ"
167500,9300,1268,4,3,1,1960,"Y","RL","Lvl","1Fam","TA","Typ"
293077,9520,1638,4,3,2,2007,"Y","RL","HLS","1Fam","Gd","Typ"
105000,9492,768,4,3,1,1941,"Y","RL","Lvl","1Fam","TA","Typ"
118000,1680,672,5,3,1,1972,"Y","RM","Lvl","Twnhs","TA","Typ"
197000,15863,824,8,5,2,1920,"Y","RL","Lvl","1Fam","TA","Typ"
230000,8125,1654,2,3,2,2002,"Y","RL","Lvl","1Fam","Gd","Typ"
119750,6305,920,6,2,1,1938,"Y","RL","Bnk","1Fam","TA","Typ"
84000,11500,0,1,3,1,1957,"Other","RL","Lvl","1Fam","TA","Typ"
315500,12898,1620,9,2,2,2007,"Y","RL","HLS","1Fam","Gd","Typ"
80000,1477,630,4,1,1,1970,"Y","RM","Lvl","TwnhsE","TA","Typ"
155000,13125,1134,1,3,2,1957,"Y","RL","Lvl","1Fam","TA","Other"
173000,9130,800,7,4,1,1966,"Y","RL","Lvl","1Fam","TA","Typ"
262280,11839,1475,5,4,2,1990,"Y","RL","Lvl","1Fam","TA","Typ"
278000,9600,2524,7,4,2,1981,"Y","RL","Lvl","1Fam","Gd","Typ"
139600,13680,0,6,4,2,1955,"Y","RL","Lvl","1Fam","TA","Other"
556581,16056,1992,7,4,3,2005,"Y","RL","Lvl","1Fam","Gd","Typ"
115000,21750,0,11,3,1,1960,"Y","RL","Lvl","1Fam","TA","Other"
176485,8993,1302,8,3,2,2007,"Y","RL","Lvl","1Fam","Gd","Typ"
200141,11175,1316,10,3,2,2007,"Y","RL","Lvl","1Fam","Gd","Typ"
165000,9500,816,6,4,1,1964,"Y","RL","Lvl","1Fam","TA","Typ"
144500,8562,1216,5,4,1,1957,"Y","RL","Lvl","1Fam","TA","Other"
255000,11367,1065,11,3,2,2002,"Y","RL","Lvl","1Fam","Gd","Typ"
185850,7052,1364,6,2,2,2005,"Y","RL","Lvl","TwnhsE","Gd","Typ"
248000,29959,973,1,3,2,1994,"Y","RL","Lvl","1Fam","Gd","Typ"
335000,11308,1104,7,3,2,2008,"Y","RL","Lvl","1Fam","Other","Typ"
81000,18000,894,8,2,1,1935,"Y","Other","Low","1Fam","Other","Typ"
90000,13600,662,9,5,2,1900,"Y","RM","Lvl","2fmCon","TA","Other"
110500,6000,1103,7,2,1,1925,"Y","RM","Lvl","1Fam","TA","Typ"
154000,11000,1154,11,3,1,1966,"Y","RL","Lvl","1Fam","TA","Typ"
328000,14000,1306,4,3,2,1996,"Y","RL","Lvl","1Fam","Gd","Typ"
178000,7837,799,5,3,2,1993,"Y","RL","Lvl","1Fam","Gd","Typ"
167900,9760,780,6,4,1,1964,"Y","RL","Lvl","1Fam","TA","Typ"
135000,10152,1048,6,3,1,1956,"Y","RL","Lvl","1Fam","TA","Typ"
154000,11700,727,5,4,1,1968,"Y","RL","Lvl","1Fam","TA","Typ"
91500,7585,810,8,4,1,1948,"Other","RL","Lvl","1Fam","TA","Typ"
159500,7950,690,7,3,1,1977,"Y","RL","Bnk","1Fam","TA","Typ"
194000,8556,1240,5,2,2,2006,"Y","RL","Lvl","1Fam","Gd","Typ"
219500,13125,800,7,3,1,1940,"Y","RL","Lvl","1Fam","TA","Typ"
170000,10800,796,4,3,2,1936,"Y","RL","Lvl","1Fam","TA","Other"
138800,15870,1096,3,3,1,1969,"Y","RL","Lvl","1Fam","TA","Typ"
133000,7500,1040,6,3,1,1963,"Y","RL","Lvl","1Fam","TA","Typ"
192000,8749,1459,9,3,2,2002,"Y","RL","Lvl","1Fam","Gd","Typ"
160000,8800,1251,3,3,1,1964,"Y","RL","Lvl","1Fam","TA","Typ"
187500,13031,691,7,3,2,1995,"Y","RL","Lvl","1Fam","TA","Typ"
147000,9069,936,4,2,1,1992,"Y","RL","Lvl","1Fam","TA","Typ"
83500,1974,546,5,3,1,1973,"Y","RM","Lvl","TwnhsE","TA","Typ"
252000,10574,1082,5,3,2,2005,"Y","Other","Lvl","1Fam","Gd","Typ"
197000,3316,1247,4,1,1,2005,"Y","Other","Lvl","TwnhsE","Gd","Typ"
92900,8544,0,6,2,2,1950,"Y","RL","Lvl","Duplex","TA","Typ"
136500,8400,1181,6,4,2,1925,"Y","RL","Bnk","1Fam","TA","Typ"
146000,9230,864,10,1,1,1965,"Y","RL","Lvl","1Fam","TA","Typ"
129000,5868,936,5,2,1,1956,"Y","RL","Lvl","1Fam","TA","Typ"
176432,9317,1314,3,3,2,2006,"Y","RL","Lvl","1Fam","Gd","Typ"
170000,3696,1074,10,2,1,1986,"Y","RL","Lvl","TwnhsE","Gd","Typ"
128000,6000,672,7,3,1,1936,"Y","RM","Lvl","1Fam","TA","Typ"
157000,11880,1271,4,3,2,1978,"Y","RL","Lvl","1Fam","TA","Typ"
60000,8400,290,1,1,1,1920,"Other","RL","Bnk","1Fam","TA","Typ"
119500,9758,950,7,3,1,1971,"Y","RL","Lvl","1Fam","TA","Typ"
325000,12256,1463,4,3,2,1994,"Y","RL","Lvl","1Fam","Gd","Typ"
274725,23257,868,9,3,2,2006,"Y","RL","HLS","1Fam","Gd","Typ"
181000,8063,924,11,3,2,2000,"Y","RL","Lvl","1Fam","TA","Typ"
205000,10480,803,9,4,2,1976,"Y","RL","Lvl","1Fam","TA","Typ"
318000,12085,1734,11,3,2,2007,"Y","RL","Lvl","1Fam","Gd","Typ"
184100,7750,408,3,3,2,2002,"Y","RL","Lvl","1Fam","Gd","Typ"
130000,9764,894,5,3,1,1967,"Y","RL","Lvl","1Fam","TA","Typ"
118400,8263,1012,5,2,1,1920,"Y","RM","Bnk","1Fam","TA","Typ"
212900,10084,1552,7,3,2,2005,"Y","RL","Lvl","1Fam","Gd","Typ"
112000,8926,672,10,3,1,1956,"Y","RL","Lvl","1Fam","TA","Typ"
115000,10434,1005,11,2,1,1955,"Y","RL","Lvl","1Fam","TA","Typ"
174000,3684,1373,6,2,2,2007,"Y","RL","Lvl","TwnhsE","Gd","Typ"
215000,11796,847,7,4,2,2004,"Y","RL","Lvl","1Fam","Gd","Typ"
140000,7200,936,8,2,1,1980,"Y","RM","Lvl","Duplex","TA","Typ"
117500,9900,1008,5,5,2,1880,"Other","RM","Lvl","1Fam","TA","Typ"
169000,8773,916,8,3,2,1997,"Y","RL","HLS","1Fam","TA","Typ"
102000,6180,960,5,2,1,1926,"Y","RM","Lvl","1Fam","TA","Typ"
119000,9600,1032,4,3,1,1950,"Y","RL","Lvl","1Fam","TA","Typ"
196000,9819,1567,5,2,2,1977,"Y","RL","Lvl","1Fam","TA","Typ"
144000,8731,915,5,3,1,1920,"Y","RL","Lvl","1Fam","TA","Other"
139000,7350,952,6,2,1,1951,"Y","RL","Lvl","1Fam","TA","Typ"
424870,9965,1466,4,4,3,2006,"Y","RL","Lvl","1Fam","Gd","Typ"
80000,12180,672,7,2,1,1941,"Y","RL","Lvl","2fmCon","TA","Typ"
149000,6240,1042,8,3,1,1928,"Y","RM","Lvl","1Fam","TA","Typ"
180000,11200,1298,5,3,2,1985,"Y","RL","Lvl","1Fam","Gd","Typ"
174500,12000,704,7,3,1,1941,"Y","RL","Bnk","1Fam","TA","Typ"
116900,5700,572,8,2,1,1926,"Y","RM","Lvl","1Fam","TA","Typ"
143000,9000,650,7,3,1,1920,"Y","RM","Lvl","1Fam","TA","Typ"
149900,17755,1466,11,3,1,1959,"Y","RL","Lvl","1Fam","TA","Typ"
230000,14115,1073,7,2,1,1956,"Y","RL","Lvl","1Fam","TA","Typ"
120500,5890,816,6,2,1,1930,"Y","RM","Lvl","1Fam","Gd","Typ"
201800,13700,864,5,4,1,1965,"Y","RL","Lvl","1Fam","TA","Typ"
218000,10768,1437,7,3,2,1976,"Y","RL","Lvl","1Fam","Gd","Typ"
179900,9350,1219,10,3,2,1965,"Y","RL","Lvl","1Fam","TA","Typ"
235128,11932,1580,6,3,2,2007,"Y","RL","Lvl","1Fam","Gd","Typ"
185000,9120,901,7,4,2,1974,"Y","RL","Lvl","1Fam","Gd","Typ"
224000,14778,1296,11,3,1,1954,"Y","RL","Low","1Fam","Gd","Typ"
129000,8724,894,5,3,1,1968,"Y","RL","Lvl","1Fam","TA","Typ"
194000,16157,1360,6,2,1,1978,"Y","RL","Lvl","1Fam","TA","Typ"
173000,10852,959,2,3,2,2000,"Y","RL","Lvl","1Fam","TA","Typ"
235000,13728,1127,7,4,2,1935,"Y","RL","Lvl","1Fam","TA","Typ"
625000,35760,1930,7,4,3,1995,"Y","RL","Lvl","1Fam","Gd","Typ"
171000,9880,1096,7,3,1,1977,"Y","RL","Lvl","1Fam","TA","Typ"
163000,9120,1261,11,3,1,1958,"Y","RL","Lvl","1Fam","TA","Typ"
171900,4017,625,3,2,2,2006,"Y","Other","Lvl","TwnhsE","Gd","Typ"
239000,16560,952,7,4,2,1932,"Y","RL","Lvl","1Fam","TA","Typ"
285000,10678,1683,4,4,2,1992,"Y","RL","Lvl","1Fam","Gd","Typ"
119500,6951,876,10,3,1,1984,"Y","RL","Lvl","1Fam","TA","Typ"
392500,5587,1600,11,2,2,2008,"Y","RM","HLS","TwnhsE","Other","Typ"
120000,10800,1120,6,2,1,1920,"Y","RL","Lvl","1Fam","TA","Typ"
186700,35133,1572,5,3,1,1963,"Y","RL","Lvl","1Fam","TA","Typ"
104900,9738,784,3,4,1,1924,"Y","RL","Lvl","1Fam","TA","Typ"
95000,10615,978,8,3,2,1900,"Y","RL","Bnk","2fmCon","TA","Typ"
262000,12461,1624,7,2,2,1994,"Y","RL","Lvl","1Fam","Gd","Typ"
195000,8935,831,7,3,2,2002,"Y","RL","Lvl","1Fam","Gd","Typ"
189000,7500,994,6,3,2,1999,"Y","RL","Lvl","1Fam","TA","Typ"
168000,32463,1249,3,3,1,1961,"Y","RL","Low","2fmCon","TA","Typ"
174000,2645,776,11,2,2,1999,"Y","Other","Lvl","Twnhs","Gd","Typ"
165000,4500,1224,6,2,2,1999,"Y","RM","Lvl","TwnhsE","TA","Typ"
158000,9364,663,3,4,1,1969,"Y","RL","Lvl","1Fam","TA","Typ"
219210,14054,879,11,4,2,2006,"Y","RL","Lvl","1Fam","Gd","Typ"
178000,9100,1212,6,3,2,2001,"Y","RL","Lvl","1Fam","Gd","Typ"
148000,11235,1051,10,3,1,1963,"Y","RL","Lvl","1Fam","TA","Typ"
116050,9353,864,7,3,1,1970,"Y","RL","Lvl","1Fam","TA","Typ"
117000,6000,884,5,3,1,1925,"Other","RM","Lvl","1Fam","TA","Typ"
107000,8900,1056,11,2,1,1966,"Y","Other","Lvl","1Fam","TA","Typ"
2e+05,9135,1682,5,3,2,2003,"Y","RL","Lvl","1Fam","Gd","Typ"
140000,7763,931,10,3,1,1962,"Y","RL","Lvl","1Fam","TA","Typ"
290000,10182,1660,5,3,2,2006,"Y","RL","Lvl","1Fam","Gd","Typ"
164000,12134,559,6,4,2,1988,"Y","RL","Bnk","1Fam","Gd","Typ"
113000,9340,672,8,2,1,1941,"Other","RL","Lvl","1Fam","TA","Typ"
134500,10205,925,5,3,1,1962,"Y","RL","Lvl","1Fam","TA","Typ"
125000,7094,894,5,3,1,1966,"Y","RL","Lvl","1Fam","TA","Typ"
112000,8930,0,4,4,2,1978,"Y","RM","Lvl","Duplex","TA","Typ"
134000,8250,952,8,3,1,1968,"Y","RL","Lvl","1Fam","TA","Typ"
143000,10496,1040,1,3,2,1949,"Y","RL","Lvl","1Fam","TA","Typ"
184000,15384,788,2,3,2,2004,"Y","RL","Lvl","1Fam","Gd","Typ"
367294,8769,1702,10,1,1,2008,"Y","RL","Lvl","TwnhsE","Other","Typ"
190000,18890,1361,8,4,2,1977,"Other","RL","Lvl","Duplex","TA","Typ"
132500,7728,1106,5,3,1,1962,"Y","RL","Lvl","Duplex","TA","Typ"
101800,9842,0,3,2,2,1962,"Y","RL","Lvl","Duplex","TA","Typ"
142000,12160,1188,5,3,1,1959,"Y","RL","Lvl","1Fam","TA","Typ"
175500,2628,764,6,2,2,2003,"Y","RL","Lvl","Twnhs","Gd","Typ"
195000,12393,847,9,4,2,2004,"Y","RL","Lvl","1Fam","Gd","Typ"
142500,13072,1141,3,3,1,2005,"Y","RL","Lvl","1Fam","Gd","Typ"
224900,8158,884,7,3,2,2003,"Y","RL","Lvl","1Fam","Gd","Typ"
248328,9849,1689,6,3,2,2007,"Y","RL","Lvl","1Fam","Gd","Typ"
170000,10625,1053,1,3,2,1974,"Y","RL","Lvl","1Fam","TA","Typ"
230000,11435,792,6,3,1,1929,"Y","RL","HLS","1Fam","TA","Typ"
178000,12090,585,1,3,3,1984,"Y","RL","Lvl","1Fam","TA","Typ"
186500,8125,756,3,3,2,2005,"Y","Other","Lvl","1Fam","Gd","Typ"
129500,9600,735,4,3,1,1917,"Other","RM","Lvl","1Fam","TA","Typ"
244000,11160,2110,4,3,2,1968,"Y","RL","Lvl","1Fam","Gd","Typ"
294000,17542,1192,7,3,2,1974,"Y","RL","Lvl","1Fam","Gd","Typ"
165400,6931,746,7,3,2,2003,"Y","RL","Lvl","1Fam","Gd","Typ"
127500,6240,884,11,3,1,1931,"Y","RM","Lvl","1Fam","TA","Typ"
301500,14303,1986,8,2,2,1994,"Y","RL","Lvl","1Fam","Gd","Typ"
151000,9750,1054,7,3,1,1969,"Y","RL","Lvl","1Fam","TA","Typ"
128900,9600,1050,6,2,1,1956,"Y","RL","Lvl","1Fam","TA","Typ"
161500,11250,1104,11,5,1,1957,"Y","RL","Lvl","1Fam","TA","Other"
181000,4060,1405,8,2,2,1998,"Y","Other","Lvl","TwnhsE","Gd","Typ"
183900,3735,691,3,3,2,1999,"Y","Other","Lvl","TwnhsE","Gd","Typ"
122000,10120,925,1,4,1,1910,"Other","RM","Bnk","2fmCon","Other","Typ"
378500,13214,2002,5,3,2,2008,"Y","RL","HLS","1Fam","Other","Typ"
381000,14100,728,5,4,3,1935,"Y","RL","Lvl","1Fam","TA","Typ"
144000,11344,874,7,3,1,1958,"Y","RL","Lvl","1Fam","TA","Typ"
260000,23595,1332,4,0,0,1979,"Y","RL","Low","1Fam","Gd","Typ"
185750,9156,1489,8,3,2,1968,"Y","RL","Lvl","1Fam","TA","Typ"
177000,11512,1019,5,2,1,1959,"Y","RL","Lvl","1Fam","TA","Typ"
139000,5362,661,11,3,2,1910,"Y","RL","Lvl","1Fam","TA","Typ"
162000,12936,723,12,3,1,1972,"Y","RL","Lvl","1Fam","TA","Typ"
68400,7500,698,4,2,1,1920,"Y","Other","Lvl","1Fam","TA","Typ"
227000,9808,1573,3,3,2,2002,"Y","RL","Lvl","1Fam","Gd","Typ"
180000,8049,1309,7,2,2,1990,"Y","RL","Lvl","1Fam","TA","Typ"
150500,8800,1040,9,3,2,1977,"Y","RL","Lvl","1Fam","TA","Typ"
169000,9638,804,3,4,2,1919,"Y","RL","Lvl","1Fam","TA","Other"
132500,6000,780,5,4,1,1939,"Y","RM","Lvl","1Fam","TA","Typ"
143000,9790,1328,6,3,1,1963,"Y","RL","Lvl","1Fam","TA","Typ"
278000,5664,1501,10,2,2,2000,"Y","RL","Lvl","TwnhsE","Gd","Typ"
180500,14112,1152,4,3,1,1964,"Y","RL","Lvl","1Fam","TA","Typ"
107500,6600,994,12,4,2,1892,"Y","RM","Lvl","1Fam","TA","Other"
162900,10140,832,3,4,2,1976,"Y","RL","Lvl","1Fam","TA","Typ"
115000,8172,864,4,2,1,1955,"Other","RL","Lvl","1Fam","TA","Typ"
138500,8400,1052,11,3,1,1968,"Y","RL","Lvl","1Fam","TA","Typ"
155000,8700,1120,12,3,2,1963,"Y","RL","Lvl","1Fam","TA","Typ"
140000,3675,547,6,2,2,2005,"Y","RM","Lvl","TwnhsE","TA","Typ"
160000,63887,6110,1,3,2,2008,"Y","RL","Bnk","1Fam","Other","Typ"
154000,7500,1246,5,3,1,1959,"Y","RL","Lvl","1Fam","TA","Typ"
225000,10762,978,5,3,2,1999,"Y","RL","Lvl","1Fam","Gd","Typ"
177500,7500,771,11,3,1,1942,"Other","RL","Bnk","1Fam","TA","Typ"
232000,8688,1616,4,3,2,2005,"Y","RL","Lvl","1Fam","Gd","Typ"
325000,13173,1652,11,2,2,2006,"Y","RL","Lvl","1Fam","Gd","Typ"
202500,6955,1368,9,2,2,2005,"Y","RL","Lvl","TwnhsE","Gd","Typ"
138000,8072,990,5,3,1,1994,"Y","RL","Lvl","1Fam","TA","Typ"
335000,17500,1902,5,3,2,1959,"Y","RL","Lvl","1Fam","Gd","Typ"
203000,8814,1274,1,3,2,2005,"Y","RL","Lvl","1Fam","Gd","Typ"
302000,9572,1453,6,4,2,1990,"Y","RL","Lvl","1Fam","Gd","Typ"
333168,14774,1393,5,4,2,1999,"Y","RL","Lvl","1Fam","Gd","Typ"
119000,8190,948,10,3,1,1954,"Y","RL","Lvl","1Fam","TA","Typ"
295493,10226,1622,1,3,2,2008,"Y","RL","Lvl","1Fam","Gd","Typ"
208900,4230,1352,4,2,2,2006,"Y","Other","Lvl","TwnhsE","Gd","Typ"
275000,14781,1753,8,3,2,2001,"Y","RL","Lvl","1Fam","Gd","Typ"
111000,10215,864,2,3,1,1954,"Y","RL","Bnk","1Fam","TA","Typ"
156500,8400,1478,6,3,1,1957,"Y","RL","Lvl","1Fam","TA","Typ"
190000,10186,750,6,3,2,1992,"Y","RL","Lvl","1Fam","Gd","Typ"
147000,9986,1795,2,2,2,2006,"Y","RL","Lvl","1Fam","Gd","Typ"
176500,9084,935,6,3,2,1998,"Y","RL","Lvl","1Fam","TA","Typ"
132500,10780,911,7,3,1,1976,"Y","RL","Lvl","1Fam","TA","Typ"
1e+05,8877,816,5,2,1,1938,"Y","RL","Lvl","1Fam","TA","Typ"
125500,7200,803,7,2,1,1938,"Y","RM","Lvl","1Fam","TA","Typ"
125000,2368,765,5,3,1,1970,"Y","RM","Lvl","TwnhsE","TA","Other"
167900,9650,1350,4,2,2,1977,"Y","RL","Lvl","1Fam","TA","Typ"
135000,9246,1656,11,4,2,1973,"Y","RL","Lvl","Duplex","TA","Typ"
2e+05,13450,916,6,3,2,2002,"Y","RL","Lvl","1Fam","Gd","Typ"
128500,9560,864,6,3,1,1972,"Y","RL","Lvl","1Fam","TA","Typ"
123000,8294,858,6,3,1,1971,"Y","RL","Lvl","1Fam","TA","Typ"
155000,13695,1114,7,3,1,2003,"Y","RL","Lvl","1Fam","TA","Typ"
228500,9375,1284,8,3,2,2002,"Y","RL","Lvl","1Fam","Gd","Typ"
177000,7558,896,3,3,1,1928,"Y","RL","Bnk","1Fam","TA","Typ"
155835,11103,728,7,3,2,2006,"Y","RL","Lvl","1Fam","Gd","Typ"
108500,6000,960,7,2,1,1920,"Y","RM","Lvl","1Fam","TA","Typ"
283463,15306,1732,5,3,2,2006,"Y","RL","HLS","1Fam","Gd","Typ"
215000,16196,1482,8,3,2,1998,"Y","RL","Low","1Fam","Gd","Typ"
2e+05,11643,1248,8,6,2,1969,"Y","RL","Lvl","Duplex","TA","Typ"
171000,9247,858,3,4,1,1962,"Y","RL","Lvl","1Fam","TA","Typ"
134900,6000,698,7,2,1,1937,"Other","RM","Lvl","1Fam","Gd","Typ"
410000,14720,2033,3,4,2,1995,"Y","RL","Lvl","1Fam","Gd","Typ"
170000,10192,570,9,4,3,1968,"Y","RL","Lvl","1Fam","TA","Typ"
110000,9477,864,10,3,1,1966,"Y","RL","Lvl","1Fam","TA","Typ"
149900,12537,1078,4,3,1,1971,"Y","RL","Lvl","1Fam","TA","Typ"
177500,2117,756,6,3,2,2000,"Y","Other","Lvl","Twnhs","Gd","Typ"
315000,16737,1980,9,3,2,2004,"Y","RL","Lvl","1Fam","Gd","Typ"
104900,12513,715,6,4,2,1920,"Y","RL","Lvl","1Fam","TA","Typ"
156932,8499,616,3,3,2,2006,"Y","RL","Lvl","1Fam","TA","Typ"
144152,3180,600,4,2,2,2005,"Y","Other","Lvl","TwnhsE","Gd","Typ"
216000,7500,814,1,3,2,2000,"Y","Other","Lvl","1Fam","Gd","Typ"
193000,9179,873,6,3,2,1999,"Y","RL","Lvl","1Fam","Gd","Typ"
232000,10635,1657,5,3,2,2003,"Y","RL","Lvl","1Fam","Gd","Typ"
105000,5400,840,10,2,1,1920,"Y","RL","Lvl","1Fam","Other","Typ"
274300,9750,1108,6,3,2,1998,"Y","RL","Lvl","1Fam","TA","Typ"
466500,11400,2633,3,2,2,2001,"Y","RL","Lvl","1Fam","Other","Typ"
250000,10625,1026,7,3,2,2005,"Y","Other","Lvl","1Fam","Gd","Typ"
91000,6292,768,4,2,1,1930,"Y","RL","Bnk","1Fam","TA","Typ"
83000,1953,483,6,2,1,1973,"Y","RM","Lvl","Twnhs","TA","Typ"
167500,9735,384,5,3,2,2006,"Y","RL","Lvl","1Fam","TA","Typ"
58500,8212,864,6,2,1,1914,"Y","RL","Lvl","1Fam","TA","Typ"
157000,7200,596,10,4,1,1920,"Other","RM","Lvl","1Fam","TA","Typ"
105000,9060,560,10,2,1,1939,"Other","RL","Lvl","1Fam","TA","Typ"
125500,5436,796,5,3,1,1922,"Other","RM","Lvl","1Fam","TA","Typ"
250000,16692,1392,7,5,3,1978,"Y","RL","Lvl","1Fam","TA","Typ"
136000,8520,714,8,5,2,1916,"Y","RM","Lvl","1Fam","TA","Typ"
377500,14892,1746,10,3,2,2006,"Y","RL","HLS","1Fam","Other","Typ"
131000,6000,735,3,3,1,1941,"Y","RM","Lvl","1Fam","TA","Typ"
123000,7838,864,12,3,1,1967,"Y","RL","Lvl","1Fam","TA","Typ"
246578,4045,1356,10,2,2,2006,"Y","RL","Lvl","TwnhsE","Gd","Typ"
281213,12665,1094,2,4,2,2005,"Y","RL","Lvl","1Fam","Gd","Typ"
160000,57200,747,6,3,1,1948,"Other","RL","Bnk","1Fam","TA","Other"
137500,6120,939,5,4,1,1920,"Other","RM","Lvl","1Fam","TA","Typ"
138000,7200,1208,5,3,1,1950,"Y","RL","Lvl","1Fam","TA","Other"
137450,6171,976,10,3,2,1925,"Y","RL","Lvl","1Fam","TA","Typ"
120000,6000,862,7,3,1,1929,"Y","RM","Lvl","1Fam","TA","Typ"
193000,7415,839,4,3,2,2004,"Y","RL","Lvl","1Fam","TA","Typ"
193879,6762,1286,7,2,2,2006,"Y","RL","Lvl","1Fam","Gd","Typ"
275000,3842,1594,1,2,2,2004,"Y","RM","HLS","TwnhsE","Gd","Typ"
125500,7740,622,6,3,1,1910,"Y","RM","Lvl","1Fam","TA","Typ"
140000,9600,856,9,3,1,1950,"Y","RL","Lvl","1Fam","TA","Other"
90000,7200,0,6,2,2,1949,"Y","RL","Lvl","Duplex","TA","Typ"
257000,10994,1844,9,2,2,2005,"Y","RL","Lvl","1Fam","Gd","Typ"
175900,3635,1386,5,1,2,2007,"Y","RL","Lvl","TwnhsE","Gd","Typ"
122500,11340,777,4,4,2,1885,"Other","RM","Lvl","2fmCon","TA","Typ"
340000,16545,1284,5,3,2,1998,"Y","RL","Lvl","1Fam","Gd","Typ"
124000,9204,1144,8,3,1,1963,"Y","RL","Lvl","1Fam","TA","Typ"
223000,16381,1844,12,3,2,1969,"Y","RL","Lvl","1Fam","Gd","Typ"
179900,11700,708,5,3,2,1968,"Y","RL","Lvl","1Fam","TA","Typ"
127500,4043,1069,7,2,2,1977,"Y","RL","Lvl","TwnhsE","TA","Typ"
274970,19690,697,8,4,2,1966,"Y","RL","Lvl","1Fam","Gd","Typ"
144000,9503,1024,6,2,1,1958,"Y","RL","Lvl","1Fam","TA","Other"
271000,10944,1223,8,3,2,1994,"Y","RL","Lvl","1Fam","Gd","Typ"
140000,10930,913,4,3,1,1945,"Y","RL","Bnk","1Fam","TA","Typ"
119000,7200,788,2,2,1,1940,"Y","RM","Lvl","1Fam","TA","Typ"
182900,12546,1440,4,3,2,1981,"Y","RL","Lvl","1Fam","Gd","Typ"
192140,21930,732,7,4,2,2005,"Y","RL","Lvl","1Fam","Gd","Typ"
64500,10800,656,8,4,2,1927,"Y","RL","Lvl","1Fam","TA","Typ"
186500,10261,936,5,3,2,2000,"Y","RL","Lvl","1Fam","TA","Typ"
160000,17400,1126,5,3,2,1977,"Other","RL","Low","1Fam","TA","Typ"
174000,8400,1319,7,3,1,1962,"Y","RL","Lvl","1Fam","Gd","Typ"
120500,9000,864,5,3,1,1971,"Y","RL","Lvl","1Fam","TA","Typ"
149700,7407,912,4,2,1,1957,"Y","RM","Lvl","1Fam","TA","Typ"
197000,11584,539,11,3,2,1979,"Y","RL","Lvl","1Fam","TA","Typ"
191000,11526,588,9,3,2,1922,"Y","RL","Bnk","1Fam","TA","Other"
179600,8500,1422,11,3,2,2004,"Y","RL","Lvl","1Fam","Gd","Typ"
129000,8400,814,5,3,1,1966,"Y","RL","Lvl","1Fam","TA","Typ"
157900,26142,1188,4,3,1,1962,"Other","RL","Lvl","1Fam","TA","Typ"
240000,10000,1220,12,3,2,1995,"Y","RL","Lvl","1Fam","Gd","Typ"
287090,9262,1573,5,3,2,2008,"Y","RL","Lvl","1Fam","Gd","Typ"
175000,7917,953,8,3,2,1999,"Y","RL","Lvl","1Fam","TA","Typ"
210000,13175,1542,2,3,2,1978,"Y","RL","Lvl","1Fam","TA","Other"
266500,9042,1152,5,4,2,1941,"Y","RL","Lvl","1Fam","Other","Typ"
142125,9717,1078,4,2,1,1950,"Y","RL","Lvl","1Fam","TA","Typ"
